Include.exclude,Full text screened,Reason,Publication.Type,Authors_wos,Book.Authors,Book.Editors,Book.Group.Authors,Author.Full.Names,Book.Author.Full.Names,Group.Authors,Article.Title,Source.Title,Book.Series.Title,Book.Series.Subtitle,Language,Document.Type,Conference.Title,Conference.Date,Conference.Location,Conference.Sponsor,Conference.Host,Author.Keywords,Keywords.Plus,Abstract,Addresses,Reprint.Addresses,Email.Addresses,Researcher.Ids,ORCIDs,Funding.Orgs,Funding.Text,Cited.References,Cited.Reference.Count,Times.Cited..WoS.Core,Times.Cited..All.Databases,X180.Day.Usage.Count,Since.2013.Usage.Count,Publisher,Publisher.City,Publisher.Address,ISSN,eISSN,ISBN,Journal.Abbreviation,Journal.ISO.Abbreviation,Publication.Date,Publication.Year_wos,Volume,Issue,Part.Number,Supplement,Special.Issue,Meeting.Abstract,Start.Page,End.Page,Article.Number,DOI,Book.DOI,Early.Access.Date,Number.of.Pages,WoS.Categories,Research.Areas,IDS.Number,UT..Unique.WOS.ID.,Pubmed.Id,Open.Access.Designations,Highly.Cited.Status,Hot.Paper.Status,Date.of.Export,X,ï..PMID,Authors_pubmed,Citation,First.Author,Journal.Book,Publication.Year_pubmed,Create.Date,PMCID,NIHMS.ID,ORN,VN,DB,SO,AU,PB,PT,FTURL,XL,OT,ï..Cites,Authors,Year,Source,Publishergscholar,ArticleURL,CitesURL,GSRank,QueryDate,Type,DOIgscholar,ISSNgscholar,CitationURL,Volumegscholar,Issuegscholar,StartPage,EndPage,ECC,CitesPerYear,CitesPerAuthor,AuthorCount,Age,Abstractgscholar
0,1,No clinical group,J,"Schlund, MW; Carter, H; Cudd, G; Murphy, K; Ahmed, N; Dymond, S; Tone, EB",NA,,,"Schlund, Michael W.; Carter, Hannah; Cudd, Gloria; Murphy, Katie; Ahmed, Nebil; Dymond, Simon; Tone, Erin B.",NA,NA,Human social defeat and approach-avoidance: Escalating social-evaluative threat and threat of aggression increases social avoidance,JOURNAL OF THE EXPERIMENTAL ANALYSIS OF BEHAVIOR,,NA,NA,NA,,,,,,NA,NA,"Basic research on avoidance by Murray Sidman laid the foundation for advances in the classification, conceptualization and treatment of avoidance in psychological disorders. Contemporary avoidance research is explicitly translational and increasingly focused on how competing appetitive and aversive contingencies influence avoidance. In this laboratory investigation, we examined the effects of escalating social-evaluative threat and threat of social aggression on avoidance of social interactions. During social-defeat learning, 38 adults learned to associate 9 virtual peers with an increasing probability of receiving negative evaluations. Additionally, 1 virtual peer was associated with positive evaluations. Next, in an approach-avoidance task with social-evaluative threat, 1 peer associated with negative evaluations was presented alongside the peer associated with positive evaluations. Approaching peers produced a positive or a probabilistic negative evaluation, while avoiding peers prevented a negative evaluation (and forfeited a positive evaluation). In an approach-avoidance task with social aggression, virtual peers gave and took money away from participants. Escalating social-evaluative threat and aggression increased avoidance, ratings of feeling threatened and threat expectancy and decreased ratings of peer favorableness. These findings underscore the potential of coupling social defeat and approach-avoidance paradigms for translational research on the neurobehavioral mechanisms of social approach-avoidance decision-making and anxiety.",NA,NA,NA,,,NA,NA,NA,NA,NA,NA,NA,NA,NA,NA,NA,0022-5002,1938-3711,,NA,NA,JAN,2021,115,1,NA,,SI,,157,184,,10.1002/jeab.654,,Dec-20,NA,NA,NA,NA,WOS:000603056500001,33369748,NA,NA,NA,NA,NA,NA,NA,NA,NA,NA,NA,NA,NA,NA,NA,NA,NA,NA,NA,NA,NA,NA,NA,NA,NA,NA,NA,NA,NA,NA,NA,NA,NA,NA,NA,NA,NA,NA,NA,NA,NA,NA,NA,NA,NA,NA,NA
0,1,No clinical group/some correlational analyses,J,"Blain, B; Rutledge, RB",NA,,,"Blain, Bastien; Rutledge, Robb B.",NA,NA,Momentary subjective well-being depends on learning and not reward,ELIFE,,NA,NA,NA,,,,,,NA,NA,"Subjective well-being or happiness is often associated with wealth. Recent studies suggest that momentary happiness is associated with reward prediction error, the difference between experienced and predicted reward, a key component of adaptive behaviour. We tested subjects in a reinforcement learning task in which reward size and probability were uncorrelated, allowing us to dissociate between the contributions of reward and learning to happiness. Using computational modelling, we found convergent evidence across stable and volatile learning tasks that happiness, like behaviour, is sensitive to learning-relevant variables (i.e. probability prediction error). Unlike behaviour, happiness is not sensitive to learning-irrelevant variables (i.e. reward prediction error). Increasing volatility reduces how many past trials influence behaviour but not happiness. Finally, depressive symptoms reduce happiness more in volatile than stable environments. Our results suggest that how we learn about our world may be more important for how we feel than the rewards we actually receive.",NA,NA,NA,,"Rutledge, Robb/0000-0001-7337-5039",NA,NA,NA,NA,NA,NA,NA,NA,NA,NA,NA,2050-084X,,,NA,NA,Nov-17,2020,9,,NA,,,,,,e57977,10.7554/eLife.57977,,,NA,NA,NA,NA,WOS:000602797500001,33200989,NA,NA,NA,NA,NA,NA,NA,NA,NA,NA,NA,NA,NA,NA,NA,NA,NA,NA,NA,NA,NA,NA,NA,NA,NA,NA,NA,NA,NA,NA,NA,NA,NA,NA,NA,NA,NA,NA,NA,NA,NA,NA,NA,NA,NA,NA,NA
0,0,Commentary piece,J,"Sumiya, M; Katahira, K",NA,,,"Sumiya, Motofumi; Katahira, Kentaro",NA,NA,Commentary: Altered learning under uncertainty in unmedicated mood and anxiety disorders,FRONTIERS IN HUMAN NEUROSCIENCE,,NA,NA,NA,,,,,,NA,NA,,NA,NA,NA,,"Sumiya, Motofumi/0000-0002-2021-0414",NA,NA,NA,NA,NA,NA,NA,NA,NA,NA,NA,1662-5161,,,NA,NA,Nov-13,2020,14,,NA,,,,,,561770,10.3389/fnhum.2020.561770,,,NA,NA,NA,NA,WOS:000592430000001,33281579,NA,NA,NA,NA,NA,33281579,"Sumiya M, Katahira K.",Front Hum Neurosci. 2020 Nov 13;14:561770. doi: 10.3389/fnhum.2020.561770. eCollection 2020.,Sumiya M,Front Hum Neurosci,2020,07/12/2020,PMC7691592,,NA,NA,NA,NA,NA,NA,NA,NA,NA,NA,NA,NA,NA,NA,NA,NA,NA,NA,NA,NA,NA,NA,NA,NA,NA,NA,NA,NA,NA,NA,NA,NA,NA
0,1,No clinical group,J,"Meulders, A; Franssen, M; Claes, J",NA,,,"Meulders, Ann; Franssen, Mathijs; Claes, Janne",NA,NA,Avoiding Based on Shades of Gray: Generalization of Pain-Related Avoidance Behavior to Novel Contexts,JOURNAL OF PAIN,,NA,NA,NA,,,,,,NA,NA,"Avoidance behavior is protective, yet in the absence of genuine bodily threat, it may become disabling. Therefore, we investigated whether avoidance generalizes to novel safe contexts based on the similarity with the acquisition context. Healthy participants performed arm movements using a robotic arm to reach a target. Three trajectories (T1-3) led to the target. During acquisition, a painful stimulus could be partly/completely prevented by performing more effortful trajectories (ie, longer and more force needed), T2/T3, in the pain-avoidance context (eg, black background); in the yoked context (eg, white background), the same reinforcement schedule was applied irrespective of the chosen trajectories. Generalization of avoidance was tested in 2 novel contexts (eg, shades of gray backgrounds). We assessed self-reported pain-expectancy and pain-related fear for all trajectories, and avoidance behavior (ie, maximal deviation from T1). Results confirm that fear and expectancy ratings reflect the response-outcome contingencies and differential learning selectively generalized to the novel context resembling the original pain-avoidance context. Furthermore, a linear trend in avoidance behavior across contexts emerged, which is indicative of a generalization gradient. Participants avoided more in the context resembling the original pain-avoidance context than in the one resembling the yoked context, but this effect was not statistically significant. Perspective: Perspective: We demonstrated acquisition of pain-related avoidance behavior in a within-subjects design, showing modulation of pain-related fear and pain-expectancy by context and providing limited evidence that avoidance selectively generalizes to novel, similar contexts. These results provide insight regarding the underlying mechanisms of the spreading of protective behavior in chronic pain patients. (C) 2020 U.S. Association for the Study of Pain. Published by Elsevier Inc. All rights reserved.",NA,NA,NA,,"Meulders, Ann/0000-0003-4250-3928",NA,NA,NA,NA,NA,NA,NA,NA,NA,NA,NA,1526-5900,1528-8447,,NA,NA,NOV-DEC,2020,21,11-Dec,NA,,,,1212,1223,,10.1016/j.jpain.2020.02.002,,,NA,NA,NA,NA,WOS:000600631300010,32553620,NA,NA,NA,NA,NA,NA,NA,NA,NA,NA,NA,NA,NA,NA,NA,NA,NA,NA,NA,NA,NA,NA,NA,NA,NA,NA,NA,NA,NA,NA,NA,NA,NA,NA,NA,NA,NA,NA,NA,NA,NA,NA,NA,NA,NA,NA,NA
0,0,In donkeys,J,"Gonzalez, FJN; Vidal, JJ; Jurado, JML; McLean, AK; Bermejo, JVD",NA,,,"Navas Gonzalez, Francisco Javier; Vidal, Jordi Jordana; Leon Jurado, Jose Manuel; McLean, Amy Katherine; Delgado Bermejo, Juan Vicente",NA,NA,"Nonparametric analysis of noncognitive determinants of response type, intensity, mood, and learning in donkeys (Equus asinus)",JOURNAL OF VETERINARY BEHAVIOR-CLINICAL APPLICATIONS AND RESEARCH,,NA,NA,NA,,,,,,NA,NA,"Operant conditioning and quantitative and Qualitative Behavioral Assessment synergism can provide valuable information about animals' extinction/learning and emotional status. In this study, we tested operant conditioning with 300 donkeys using six different reinforcers. Simultaneously, we studied the effects 15 animal-inherent, environment and location, and test-related factors had on the response type and intensity, mood, and extinction/learning ability variables. We sought to test three hypotheses using nonparametric categorical analyses. First, we studied which of the 15 noncognitive factors could explain the variability of the 4 behavioral variables and their explanatory power. Second, we assessed the frontal and lateral ear positions donkeys displayed when each reinforcement treatment was implemented to study the correlations between the ear position and twelve mood Qualitative Behavioral Assessment categories. Third, we assessed which reinforcement treatment was more suitable to promote donkeys' learning and welfare, studying their success rate at completing the operant conditioning test and welfare-related behavioral signs, respectively. Almost all noncognitive factors significantly affected four variables (P < 0.001), although some were not linearly correlated. Our results show that body language is as an efficient tool to report translatable information on the donkey's mood and that neutral or luring/positive reinforcement techniques promote learning and are welfare-friendly methods to modified behaviors in donkeys. (C) 2020 Elsevier Inc. All rights reserved.",NA,NA,NA,,"Delgado Bermejo, Juan Vicente/0000-0003-1657-8838",NA,NA,NA,NA,NA,NA,NA,NA,NA,NA,NA,1558-7878,1878-7517,,NA,NA,NOV-DEC,2020,40,,NA,,,,21,35,,10.1016/j.jveb.2020.08.003,,,NA,NA,NA,NA,WOS:000600667700005,NA,NA,NA,NA,NA,NA,NA,NA,NA,NA,NA,NA,NA,NA,NA,NA,NA,NA,NA,NA,NA,NA,NA,NA,NA,NA,NA,NA,NA,NA,NA,NA,NA,NA,NA,NA,NA,NA,NA,NA,NA,NA,NA,NA,NA,NA,NA,NA
0,0,"Dental anxiety, no clinical group",J,"Song, JS; Chung, HC; Sohn, S; Kinn, YJ",NA,,,"Song, J-S; Chung, H-C; Sohn, S.; Kinn, Y-J",NA,NA,Effects of psychological behaviour management programme on dental fear and anxiety in children: A randomised controlled clinical trial,EUROPEAN JOURNAL OF PAEDIATRIC DENTISTRY,,NA,NA,NA,,,,,,NA,NA,"Aim A psychological behaviour management programme with information and communications technology was developed that includes symbolic modelling, tell-show-do, positive reinforcement and distraction, and provides real-time treatment information. We hypothesised that the programme would help patients feel less stressed and show less uncooperative behaviours and subjective pain. Methods Forty-eight paediatric patients were recruited from May 2016 to January 2017, and randomly divided into a control group and an experimental group. In the control, patients watched cartoon animations during the first and second treatments. The experimental group watched cartoon animations during the first treatment, and they used the programme during the second treatment. To measure stress, uncooperative behaviour and subjective pain, we recorded the heart rate, Procedure Behaviour Checklist (PBCL) and Wong and Baker's Faces Pain Rating Scale (FPRS). Results The experimental group resulted in a significantly lower mean heart rate, uncooperative behaviour and subjective pain in the second treatment than did the control group (p<0.001). The differences in heart rate and uncooperative behaviour between the treatments were also significantly greater in the experimental group than in the control group (p<0.001). Conclusion The programme was effective in relieving fear and anxiety as well as learning cooperative behaviour.",NA,NA,NA,,,NA,NA,NA,NA,NA,NA,NA,NA,NA,NA,NA,1591-996X,2035-648X,,NA,NA,,2020,21,4,NA,,,,287,291,,10.23804/ejpd.2020.21.04.6,,,NA,NA,NA,NA,WOS:000610370100005,33337904,NA,NA,NA,NA,NA,NA,NA,NA,NA,NA,NA,NA,NA,NA,NA,NA,NA,NA,NA,NA,NA,NA,NA,NA,NA,NA,NA,NA,NA,NA,NA,NA,NA,NA,NA,NA,NA,NA,NA,NA,NA,NA,NA,NA,NA,NA,NA
0,0,Review paper,NA,NA,NA,NA,NA,NA,NA,NA,Neural Computations of Threat,NA,NA,NA,NA,NA,NA,NA,NA,NA,NA,NA,NA,NA,NA,NA,NA,NA,NA,NA,NA,NA,NA,NA,NA,NA,NA,NA,NA,NA,NA,NA,NA,NA,NA,NA,NA,NA,NA,NA,NA,NA,NA,NA,NA,NA,10.1016/j.tics.2020.11.007,NA,NA,NA,NA,NA,NA,NA,NA,NA,NA,NA,NA,NA,33384214,"Levy I, Schiller D.",Trends Cogn Sci. 2021 Feb;25(2):151-171. doi: 10.1016/j.tics.2020.11.007. Epub 2020 Dec 28.,Levy I,Trends Cogn Sci,2021,01/01/2021,,,NA,NA,NA,NA,NA,NA,NA,NA,NA,NA,NA,NA,NA,NA,NA,NA,NA,NA,NA,NA,NA,NA,NA,NA,NA,NA,NA,NA,NA,NA,NA,NA,NA
1,1,,NA,NA,NA,NA,NA,NA,NA,NA,Impaired adaptation of learning to contingency volatility in internalizing psychopathology,NA,NA,NA,NA,NA,NA,NA,NA,NA,NA,NA,NA,NA,NA,NA,NA,NA,NA,NA,NA,NA,NA,NA,NA,NA,NA,NA,NA,NA,NA,NA,NA,NA,NA,NA,NA,NA,NA,NA,NA,NA,NA,NA,NA,NA,10.7554/eLife.61387,NA,NA,NA,NA,NA,NA,NA,NA,NA,NA,NA,NA,NA,33350387,"Gagne C, Zika O, Dayan P, Bishop SJ.",Elife. 2020 Dec 22;9:e61387. doi: 10.7554/eLife.61387.,Gagne C,Elife,2020,22/12/2020,PMC7755392,,NA,NA,NA,NA,NA,NA,NA,NA,NA,NA,NA,NA,NA,NA,NA,NA,NA,NA,NA,NA,NA,NA,NA,NA,NA,NA,NA,NA,NA,NA,NA,NA,NA
0,1,No clinical group,NA,NA,NA,NA,NA,NA,NA,NA,The actions of others act as a pseudo-reward to drive imitation in the context of social reinforcement learning,NA,NA,NA,NA,NA,NA,NA,NA,NA,NA,NA,NA,NA,NA,NA,NA,NA,NA,NA,NA,NA,NA,NA,NA,NA,NA,NA,NA,NA,NA,NA,NA,NA,NA,NA,NA,NA,NA,NA,NA,NA,NA,NA,NA,NA,10.1371/journal.pbio.3001028,NA,NA,NA,NA,NA,NA,NA,NA,NA,NA,NA,NA,NA,33290387,"Najar A, Bonnet E, Bahrami B, Palminteri S.",PLoS Biol. 2020 Dec 8;18(12):e3001028. doi: 10.1371/journal.pbio.3001028. eCollection 2020 Dec.,Najar A,PLoS Biol,2020,08/12/2020,PMC7723279,,NA,NA,NA,NA,NA,NA,NA,NA,NA,NA,NA,NA,NA,NA,NA,NA,NA,NA,NA,NA,NA,NA,NA,NA,NA,NA,NA,NA,NA,NA,NA,NA,NA
0,0,In binge eating,NA,NA,NA,NA,NA,NA,NA,NA,Eating expectancies and reinforcement learning: a state-based test of affect regulation and expectancy models in the natural environment,NA,NA,NA,NA,NA,NA,NA,NA,NA,NA,NA,NA,NA,NA,NA,NA,NA,NA,NA,NA,NA,NA,NA,NA,NA,NA,NA,NA,NA,NA,NA,NA,NA,NA,NA,NA,NA,NA,NA,NA,NA,NA,NA,NA,NA,10.1007/s40519-020-01079-z,NA,NA,NA,NA,NA,NA,NA,NA,NA,NA,NA,NA,NA,33386588,"Schaefer LM, Smith KE, Dvorak R, Crosby RD, Wonderlich SA.",Eat Weight Disord. 2021 Jan 1. doi: 10.1007/s40519-020-01079-z. Online ahead of print.,Schaefer LM,Eat Weight Disord,2021,02/01/2021,,,NA,NA,NA,NA,NA,NA,NA,NA,NA,NA,NA,NA,NA,NA,NA,NA,NA,NA,NA,NA,NA,NA,NA,NA,NA,NA,NA,NA,NA,NA,NA,NA,NA
0,1,No clinical group,NA,NA,NA,NA,NA,NA,NA,NA,Learning to Overexert Cognitive Control in a Stroop Task,NA,NA,NA,NA,NA,NA,NA,NA,NA,NA,NA,NA,NA,NA,NA,NA,NA,NA,NA,NA,NA,NA,NA,NA,NA,NA,NA,NA,NA,NA,NA,NA,NA,NA,NA,NA,NA,NA,NA,NA,NA,NA,NA,NA,NA,10.3758/s13415-020-00845-x,NA,NA,NA,NA,NA,NA,NA,NA,NA,NA,NA,NA,NA,33409959,"Bustamante L, Lieder F, Musslick S, Shenhav A, Cohen J.",Cogn Affect Behav Neurosci. 2021 Jan 6. doi: 10.3758/s13415-020-00845-x. Online ahead of print.,Bustamante L,Cogn Affect Behav Neurosci,2021,07/01/2021,,,NA,NA,NA,NA,NA,NA,NA,NA,NA,NA,NA,NA,NA,NA,NA,NA,NA,NA,NA,NA,NA,NA,NA,NA,NA,NA,NA,NA,NA,NA,NA,NA,NA
0,0,Review paper,NA,NA,NA,NA,NA,NA,NA,NA,Applying Reinforcement Learning to Rodent Stress Research,NA,NA,NA,NA,NA,NA,NA,NA,NA,NA,NA,NA,NA,NA,NA,NA,NA,NA,NA,NA,NA,NA,NA,NA,NA,NA,NA,NA,NA,NA,NA,NA,NA,NA,NA,NA,NA,NA,NA,NA,NA,NA,NA,NA,NA,10.1177/2470547020984732,NA,NA,NA,NA,NA,NA,NA,NA,NA,NA,NA,NA,NA,33598593,"Liao C, Kwan AC.",Chronic Stress (Thousand Oaks). 2021 Feb 1;5:2470547020984732. doi: 10.1177/2470547020984732. eCollection 2021 Jan-Dec.,Liao C,Chronic Stress (Thousand Oaks),2021,18/02/2021,PMC7863143,,NA,NA,NA,NA,NA,NA,NA,NA,NA,NA,0,"C Liao, AC Kwan",2021,Chronic Stress,journals.sagepub.com,https://journals.sagepub.com/doi/abs/10.1177/2470547020984732,,132,23/02/2021 14:50,,NA,NA,NA,NA,NA,NA,NA,0,0,0,2,1,"â€¦ Copy to clipboard. Format, Tips on citation download. Download Citation. Download article citation data for: Applying Reinforcement Learning to Rodent Stress Research. Clara Liao and Alex C. Kwan. Chronic Stress 2021 10.1177/2470547020984732. Download Citation â€¦"
0,0,Mobile connection,NA,NA,NA,NA,NA,NA,NA,NA,D2D Mobile Relaying Meets NOMA -Part I:A Biform Game Analysis,NA,NA,NA,NA,NA,NA,NA,NA,NA,NA,NA,NA,NA,NA,NA,NA,NA,NA,NA,NA,NA,NA,NA,NA,NA,NA,NA,NA,NA,NA,NA,NA,NA,NA,NA,NA,NA,NA,NA,NA,NA,NA,NA,NA,NA,10.3390/s21030702,NA,NA,NA,NA,NA,NA,NA,NA,NA,NA,NA,NA,NA,33498586,"Driouech S, Sabir E, Ghogho M, Amhoud EM.",Sensors (Basel). 2021 Jan 20;21(3):702. doi: 10.3390/s21030702.,Driouech S,Sensors (Basel),2021,27/01/2021,PMC7864343,,NA,NA,NA,NA,NA,NA,NA,NA,NA,NA,NA,NA,NA,NA,NA,NA,NA,NA,NA,NA,NA,NA,NA,NA,NA,NA,NA,NA,NA,NA,NA,NA,NA
0,1,Conference abstract,NA,NA,NA,NA,NA,NA,NA,NA,Translational eeg and behavioral measures of cognitive flexibility in a cross-species (human/rat) probabilistic reversal learning task.,NA,NA,NA,NA,NA,NA,NA,NA,NA,NA,NA,NA,NA,NA,NA,NA,NA,NA,NA,NA,NA,NA,NA,NA,NA,NA,NA,NA,NA,NA,NA,NA,NA,NA,NA,NA,NA,NA,NA,NA,NA,NA,NA,NA,NA,NA,NA,NA,NA,NA,NA,NA,NA,NA,NA,NA,NA,NA,NA,NA,NA,NA,NA,NA,NA,NA,NA,NA,1,Ovid Technologies,Embase,"Neuropsychopharmacology. Conference: 59th Annual Meeting of the American College of Neuropsychopharmacology, ACNP 2020. 45 (pp 166), 2020. Date of Publication: December 2020.","Der-Avakian A.

Schroder H.

Barnes S.

Mukamel E.

Breiger M.

Nickels S.

Dillon D.

Leutgeb S.

Risbrough V.

Pizzagalli D.",Springer Nature,Conference Abstract,Click here for full text options,SFX,,NA,NA,NA,NA,NA,NA,NA,NA,NA,NA,NA,NA,NA,NA,NA,NA,NA,NA,NA,NA,NA,NA,NA
REPEAT ABOVE,,,NA,NA,NA,NA,NA,NA,NA,NA,Neural Computations of Threat.,NA,NA,NA,NA,NA,NA,NA,NA,NA,NA,NA,NA,NA,NA,NA,NA,NA,NA,NA,NA,NA,NA,NA,NA,NA,NA,NA,NA,NA,NA,NA,NA,NA,NA,NA,NA,NA,NA,NA,NA,NA,NA,NA,NA,NA,NA,NA,NA,NA,NA,NA,NA,NA,NA,NA,NA,NA,NA,NA,NA,NA,NA,NA,NA,NA,NA,NA,NA,2,Ovid Technologies,Embase,"Trends in Cognitive Sciences. 25 (2) (pp 151-171), 2021. Date of Publication: February 2021.","Levy I.

Schiller D.",Elsevier Ltd,Review,Click here for full text options,SFX,,NA,NA,NA,NA,NA,NA,NA,NA,NA,NA,NA,NA,NA,NA,NA,NA,NA,NA,NA,NA,NA,NA,NA
REPEAT ABOVE,,,NA,NA,NA,NA,NA,NA,NA,NA,Commentary: Altered learning under uncertainty in unmedicated mood and anxiety disorders.,NA,NA,NA,NA,NA,NA,NA,NA,NA,NA,NA,NA,NA,NA,NA,NA,NA,NA,NA,NA,NA,NA,NA,NA,NA,NA,NA,NA,NA,NA,NA,NA,NA,NA,NA,NA,NA,NA,NA,NA,NA,NA,NA,NA,NA,NA,NA,NA,NA,NA,NA,NA,NA,NA,NA,NA,NA,NA,NA,NA,NA,NA,NA,NA,NA,NA,NA,NA,5,Ovid Technologies,Embase,"Frontiers in Human Neuroscience. 14 (no pagination), 2020. Article Number: 561770. Date of Publication: 13 Nov 2020.","Sumiya M.

Katahira K.",Frontiers Media S.A.,Article,Click here for full text options,SFX,,NA,NA,NA,NA,NA,NA,NA,NA,NA,NA,NA,NA,NA,NA,NA,NA,NA,NA,NA,NA,NA,NA,NA
0,0,Review paper,NA,NA,NA,NA,NA,NA,NA,NA,Demystifying artificial intelligence in pharmacy.,NA,NA,NA,NA,NA,NA,NA,NA,NA,NA,NA,NA,NA,NA,NA,NA,NA,NA,NA,NA,NA,NA,NA,NA,NA,NA,NA,NA,NA,NA,NA,NA,NA,NA,NA,NA,NA,NA,NA,NA,NA,NA,NA,NA,NA,NA,NA,NA,NA,NA,NA,NA,NA,NA,NA,NA,NA,NA,NA,NA,NA,NA,NA,NA,NA,NA,NA,NA,7,Ovid Technologies,Embase,"American Journal of Health-System Pharmacy. 77 (19) (pp 1556-1570), 2020. Date of Publication: 18 Sep 2020.","Nelson S.D.

Walsh C.G.

Olsen C.A.

McLaughlin A.J.

LeGrand J.R.

Schutz N.

Lasko T.A.",Oxford University Press,Article,Click here for full text options,SFX,,NA,NA,NA,NA,NA,NA,NA,NA,NA,NA,NA,NA,NA,NA,NA,NA,NA,NA,NA,NA,NA,NA,NA
REPEAT previous,,No clinical group - pharma manipulation,NA,NA,NA,NA,NA,NA,NA,NA,Single dose of a dopamine agonist impairs reinforcement learning in humans: Evidence from eventâ€related potentials and computational modeling of striatalâ€cortical â€¦,NA,NA,NA,NA,NA,NA,NA,NA,NA,NA,NA,NA,NA,NA,NA,NA,NA,NA,NA,NA,NA,NA,NA,NA,NA,NA,NA,NA,NA,NA,NA,NA,NA,NA,NA,NA,NA,NA,NA,NA,NA,NA,NA,NA,NA,NA,NA,NA,NA,NA,NA,NA,NA,NA,NA,NA,NA,NA,NA,NA,NA,NA,NA,NA,NA,NA,NA,NA,NA,NA,NA,NA,NA,NA,NA,NA,NA,NA,127,"DL Santesso, AE Evins, MJ Frankâ€¦",2009,Human brain â€¦,Wiley Online Library,https://onlinelibrary.wiley.com/doi/abs/10.1002/hbm.20642,"https://scholar.google.com/scholar?cites=1951692299732933876&as_sdt=2005&sciodt=0,5&hl=en",39,23/02/2021 14:50,,NA,NA,NA,NA,NA,NA,NA,127,10.58,32,4,12,â€¦ of a D2/D3 agonist (pramipexole) to healthy subjects blunted reinforcement learning during a â€¦ 1996] and the trait form of the Spielberger Stateâ€Trait Anxiety Inventory [Spielberger â€¦ Because the computational model does not simulate the perceptual/object recognition system and â€¦
REPEAT Previous,,,NA,NA,NA,NA,NA,NA,NA,NA,"An extended reinforcement learning model of basal ganglia to understand the contributions of serotonin and dopamine in risk-based decision making, reward â€¦",NA,NA,NA,NA,NA,NA,NA,NA,NA,NA,NA,NA,NA,NA,NA,NA,NA,NA,NA,NA,NA,NA,NA,NA,NA,NA,NA,NA,NA,NA,NA,NA,NA,NA,NA,NA,NA,NA,NA,NA,NA,NA,NA,NA,NA,NA,NA,NA,NA,NA,NA,NA,NA,NA,NA,NA,NA,NA,NA,NA,NA,NA,NA,NA,NA,NA,NA,NA,NA,NA,NA,NA,NA,NA,NA,NA,NA,NA,38,"PP Balasubramani, VS Chakravarthyâ€¦",2014,â€¦ in computational â€¦,frontiersin.org,https://www.frontiersin.org/articles/10.3389/fncom.2014.00047/full,"https://scholar.google.com/scholar?cites=4775471399522454598&as_sdt=2005&sciodt=0,5&hl=en",58,23/02/2021 14:50,HTML,NA,NA,NA,NA,NA,NA,NA,38,5.43,13,3,7,â€¦ of mesencephalic DA neurons are found to closely resemble temporal difference error (TD) in Reinforcement Learning (RL) (Schultz â€¦ There is no single computational theory that integrates and reconciles the existing computational perspectives of 5HT function â€¦ Our Model in Brief â€¦
0,1,Simulations,NA,NA,NA,NA,NA,NA,NA,NA,Opponent actor learning (OpAL): modeling interactive effects of striatal dopamine on reinforcement learning and choice incentive.,NA,NA,NA,NA,NA,NA,NA,NA,NA,NA,NA,NA,NA,NA,NA,NA,NA,NA,NA,NA,NA,NA,NA,NA,NA,NA,NA,NA,NA,NA,NA,NA,NA,NA,NA,NA,NA,NA,NA,NA,NA,NA,NA,NA,NA,NA,NA,NA,NA,NA,NA,NA,NA,NA,NA,NA,NA,NA,NA,NA,NA,NA,NA,NA,NA,NA,NA,NA,NA,NA,NA,NA,NA,NA,NA,NA,NA,NA,220,"AGE Collins, MJ Frank",2014,Psychological review,psycnet.apa.org,https://psycnet.apa.org/record/2014-31650-003,"https://scholar.google.com/scholar?cites=15021302925332102351&as_sdt=2005&sciodt=0,5&hl=en",65,23/02/2021 14:50,,NA,NA,NA,NA,NA,NA,NA,220,31.43,110,2,7,"â€¦ This implementation contrasts with previous attempts to model asymmetric learning via separate â€¦ Although this rule is often linked to reinforcement learning models, those typically do not â€¦ than actor weights within a unitary system, potentially affords computational advantages in â€¦"
0,0,No clinical group,NA,NA,NA,NA,NA,NA,NA,NA,Striatumâ€“medial prefrontal cortex connectivity predicts developmental changes in reinforcement learning,NA,NA,NA,NA,NA,NA,NA,NA,NA,NA,NA,NA,NA,NA,NA,NA,NA,NA,NA,NA,NA,NA,NA,NA,NA,NA,NA,NA,NA,NA,NA,NA,NA,NA,NA,NA,NA,NA,NA,NA,NA,NA,NA,NA,NA,NA,NA,NA,NA,NA,NA,NA,NA,NA,NA,NA,NA,NA,NA,NA,NA,NA,NA,NA,NA,NA,NA,NA,NA,NA,NA,NA,NA,NA,NA,NA,NA,NA,216,"W Van den Bos, MX Cohen, T Kahntâ€¦",2012,Cerebral cortex,academic.oup.com,https://academic.oup.com/cercor/article-abstract/22/6/1247/307075,"https://scholar.google.com/scholar?cites=12388678249551832914&as_sdt=2005&sciodt=0,5&hl=en",66,23/02/2021 14:50,,NA,NA,NA,NA,NA,NA,NA,216,24,54,4,9,"â€¦ 2009; Schmithorst and Yuan 2010). To test these 2 hypotheses, a computational reinforcement learning model was applied to investigate developmental differences in 1) the neural representation of prediction errors and 2) changes in frontostriatal connectivity â€¦"
REPEAT previous,,,NA,NA,NA,NA,NA,NA,NA,NA,Single dose of a dopamine agonist impairs reinforcement learning in humans: behavioral evidence from a laboratory-based measure of reward â€¦,NA,NA,NA,NA,NA,NA,NA,NA,NA,NA,NA,NA,NA,NA,NA,NA,NA,NA,NA,NA,NA,NA,NA,NA,NA,NA,NA,NA,NA,NA,NA,NA,NA,NA,NA,NA,NA,NA,NA,NA,NA,NA,NA,NA,NA,NA,NA,NA,NA,NA,NA,NA,NA,NA,NA,NA,NA,NA,NA,NA,NA,NA,NA,NA,NA,NA,NA,NA,NA,NA,NA,NA,NA,NA,NA,NA,NA,NA,254,"DA Pizzagalli, AE Evins, EC Schetter, MJ Frankâ€¦",2008,â€¦,Springer,https://idp.springer.com/authorize/casa?redirect_uri=https://link.springer.com/article/10.1007/s00213-007-0957-y&casa_token=wtrXQCwHM1wAAAAA:ij3WokTm0HR8vdA_0Ab8tnzO50t3o8SIp6uG9x7_eQIZ8zk6S5Kk9lQoTSSCt7w-QX91DI81Gi7u856p,"https://scholar.google.com/scholar?cites=7248130431237108063&as_sdt=2005&sciodt=0,5&hl=en",73,23/02/2021 14:50,HTML,NA,NA,NA,NA,NA,NA,NA,254,19.54,51,5,13,"â€¦ were simulated by reduced phasic DA bursts following positive feedback in a computational model of the â€¦ effect of a single, low dose of a D2/D3 agonistâ€”pramipexoleâ€”on reinforcement learning in psychiatrically â€¦ 1970) to assess depression and anxiety symptoms, respectively â€¦"
REPEAT previous,,,NA,NA,NA,NA,NA,NA,NA,NA,Computational modelling reveals contrasting effects on reinforcement learning and cognitive flexibility in stimulant use disorder and obsessive-compulsive â€¦,NA,NA,NA,NA,NA,NA,NA,NA,NA,NA,NA,NA,NA,NA,NA,NA,NA,NA,NA,NA,NA,NA,NA,NA,NA,NA,NA,NA,NA,NA,NA,NA,NA,NA,NA,NA,NA,NA,NA,NA,NA,NA,NA,NA,NA,NA,NA,NA,NA,NA,NA,NA,NA,NA,NA,NA,NA,NA,NA,NA,NA,NA,NA,NA,NA,NA,NA,NA,NA,NA,NA,NA,NA,NA,NA,NA,NA,NA,16,"JW Kanen, KD Ersche, NA Fineberg, TW Robbinsâ€¦",2019,â€¦,Springer,https://link.springer.com/article/10.1007/s00213-019-05325-w,"https://scholar.google.com/scholar?cites=14986116353593247002&as_sdt=2005&sciodt=0,5&hl=en",77,23/02/2021 14:50,HTML,NA,NA,NA,NA,NA,NA,NA,16,8,3,5,2,â€¦ has compared the microstructure of behaviour in PRL between disorders of compulsivity using computational models of reinforcement learning (RL) â€¦ The most likely values for those parameters are discovered by fitting the predictions of a computational RL model to actual â€¦
0,0,In schizophrenia,NA,NA,NA,NA,NA,NA,NA,NA,Probabilistic reinforcement learning in patients with schizophrenia: relationships to anhedonia and avolition,NA,NA,NA,NA,NA,NA,NA,NA,NA,NA,NA,NA,NA,NA,NA,NA,NA,NA,NA,NA,NA,NA,NA,NA,NA,NA,NA,NA,NA,NA,NA,NA,NA,NA,NA,NA,NA,NA,NA,NA,NA,NA,NA,NA,NA,NA,NA,NA,NA,NA,NA,NA,NA,NA,NA,NA,NA,NA,NA,NA,NA,NA,NA,NA,NA,NA,NA,NA,NA,NA,NA,NA,NA,NA,NA,NA,NA,NA,76,"EC Dowd, MJ Frank, A Collins, JM Goldâ€¦",2016,Biological psychiatry â€¦,Elsevier,https://www.sciencedirect.com/science/article/pii/S2451902216300581?casa_token=tuqACWg4exQAAAAA:k1tNYMLQGH5eIrOIOR29aAZG99A0gMPtjupedMZ2hNUAgasTgJ_-2-1TwM53xEUvq1fvKrOrwA,"https://scholar.google.com/scholar?cites=18236938838055759060&as_sdt=2005&sciodt=0,5&hl=en",82,23/02/2021 14:50,HTML,NA,NA,NA,NA,NA,NA,NA,76,15.2,15,5,5,"â€¦ 4). The work described here examines one of these processes, reinforcement learning (RL), and its â€¦ with the existing literature using such approaches, and a computational modelâ€“based approach â€¦ Model-based fMRI analyses were conducted by including trial-by-trial, subject â€¦"
REPEAT previous,,,NA,NA,NA,NA,NA,NA,NA,NA,A story of two streams: Reinforcement learning models from human behavior and neuropsychiatry,NA,NA,NA,NA,NA,NA,NA,NA,NA,NA,NA,NA,NA,NA,NA,NA,NA,NA,NA,NA,NA,NA,NA,NA,NA,NA,NA,NA,NA,NA,NA,NA,NA,NA,NA,NA,NA,NA,NA,NA,NA,NA,NA,NA,NA,NA,NA,NA,NA,NA,NA,NA,NA,NA,NA,NA,NA,NA,NA,NA,NA,NA,NA,NA,NA,NA,NA,NA,NA,NA,NA,NA,NA,NA,NA,NA,NA,NA,18,"B Lin, G Cecchi, D Bouneffouf, J Reinenâ€¦",2019,arXiv preprint arXiv â€¦,arxiv.org,https://arxiv.org/abs/1906.11286,"https://scholar.google.com/scholar?cites=2749215496770784712&as_sdt=2005&sciodt=0,5&hl=en",86,23/02/2021 14:50,,NA,NA,NA,NA,NA,NA,NA,18,9,4,5,2,"â€¦ after long-term drug exposure, the work by [7] proposes a computational model for cocaine â€¦ By utilizing average reward temporal difference reinforcement learning, this work incorporates the el- evation of â€¦ In the study by [16], a simple heuristic model is developed to simulate â€¦"
0,0,Simulations,NA,NA,NA,NA,NA,NA,NA,NA,Reinforcement learning with modulated spike timingâ€“dependent synaptic plasticity,NA,NA,NA,NA,NA,NA,NA,NA,NA,NA,NA,NA,NA,NA,NA,NA,NA,NA,NA,NA,NA,NA,NA,NA,NA,NA,NA,NA,NA,NA,NA,NA,NA,NA,NA,NA,NA,NA,NA,NA,NA,NA,NA,NA,NA,NA,NA,NA,NA,NA,NA,NA,NA,NA,NA,NA,NA,NA,NA,NA,NA,NA,NA,NA,NA,NA,NA,NA,NA,NA,NA,NA,NA,NA,NA,NA,NA,NA,139,"MA Farries, AL Fairhall",2007,Journal of neurophysiology,journals.physiology.org,https://journals.physiology.org/doi/abs/10.1152/jn.00364.2007,"https://scholar.google.com/scholar?cites=2976611109382713111&as_sdt=2005&sciodt=0,5&hl=en",93,23/02/2021 14:50,,NA,NA,NA,NA,NA,NA,NA,139,9.93,70,2,14,"â€¦ Journal Menu. Home; Issues; Collections; Information; About. ARTICLES. Reinforcement Learning With Modulated Spike Timingâ€“Dependent Synaptic Plasticity. Michael A. Farries , and; Adrienne L. Fairhall. Michael A. Farries. Address â€¦"
REPEAT previous,,,NA,NA,NA,NA,NA,NA,NA,NA,Anxiety impedes adaptive social learning under uncertainty,NA,NA,NA,NA,NA,NA,NA,NA,NA,NA,NA,NA,NA,NA,NA,NA,NA,NA,NA,NA,NA,NA,NA,NA,NA,NA,NA,NA,NA,NA,NA,NA,NA,NA,NA,NA,NA,NA,NA,NA,NA,NA,NA,NA,NA,NA,NA,NA,NA,NA,NA,NA,NA,NA,NA,NA,NA,NA,NA,NA,NA,NA,NA,NA,NA,NA,NA,NA,NA,NA,NA,NA,NA,NA,NA,NA,NA,NA,6,"A Lamba, MJ Frank, O FeldmanHall",2020,Psychological science,journals.sagepub.com,https://journals.sagepub.com/doi/abs/10.1177/0956797620910993?casa_token=sWIk8WnlmnMAAAAA:Y-kz_I238t9ruc36o7M-9k6VFvJm0h3TjOtRj8oBaTigGVoF2SpfKoYNqsJs1LR0Ys1BM9y4eMd_,"https://scholar.google.com/scholar?cites=15562748926858408133&as_sdt=2005&sciodt=0,5&hl=en",103,23/02/2021 14:50,,NA,NA,NA,NA,NA,NA,NA,6,6,2,3,1,"â€¦ Format, Tips on citation download. Download Citation. Download article citation data for: Anxiety Impedes Adaptive Social Learning Under Uncertainty. Amrita Lamba, Michael J. Frank, and Oriel FeldmanHall. Psychological Science 2020 31:5, 592-603. Download Citation â€¦"
REPEAT previous,,,NA,NA,NA,NA,NA,NA,NA,NA,Aberrant probabilistic reinforcement learning in first-degree relatives of individuals with bipolar disorder,NA,NA,NA,NA,NA,NA,NA,NA,NA,NA,NA,NA,NA,NA,NA,NA,NA,NA,NA,NA,NA,NA,NA,NA,NA,NA,NA,NA,NA,NA,NA,NA,NA,NA,NA,NA,NA,NA,NA,NA,NA,NA,NA,NA,NA,NA,NA,NA,NA,NA,NA,NA,NA,NA,NA,NA,NA,NA,NA,NA,NA,NA,NA,NA,NA,NA,NA,NA,NA,NA,NA,NA,NA,NA,NA,NA,NA,NA,2,"JO Linke, G Koppe, V Scholz, P Kanskeâ€¦",2020,Journal of affective â€¦,Elsevier,https://www.sciencedirect.com/science/article/pii/S0165032719315940?casa_token=1JTaNiR-KxgAAAAA:BiCwlUmP24ZSEmtWPbZ0ttmvRe4xJHIXQ_NnMwy5bDuTXGEOoXbk2DexHE9hrqkUVD-U_R-sXQ,"https://scholar.google.com/scholar?cites=11511551932083108412&as_sdt=2005&sciodt=0,5&hl=en",138,23/02/2021 14:50,HTML,NA,NA,NA,NA,NA,NA,NA,2,2,0,5,1,"â€¦ Moreover, REL reported additional cases of major depression (n = =18), ADHD (n = =1), anxiety (n = =5) and alcohol use â€¦ Computational modeling. Learning of reward contingencies was assessed through a reinforcement learning model (Chase et al., 2010; Frank et al., 2007 â€¦"
0,0,Opioid dosing,NA,NA,NA,NA,NA,NA,NA,NA,Deep reinforcement learning for optimal critical care pain management with morphine using dueling double-deep Q networks,NA,NA,NA,NA,NA,NA,NA,NA,NA,NA,NA,NA,NA,NA,NA,NA,NA,NA,NA,NA,NA,NA,NA,NA,NA,NA,NA,NA,NA,NA,NA,NA,NA,NA,NA,NA,NA,NA,NA,NA,NA,NA,NA,NA,NA,NA,NA,NA,NA,NA,NA,NA,NA,NA,NA,NA,NA,NA,NA,NA,NA,NA,NA,NA,NA,NA,NA,NA,NA,NA,NA,NA,NA,NA,NA,NA,NA,NA,8,"D Lopez-Martinez, P Eschenfeldtâ€¦",2019,2019 41st Annual â€¦,ieeexplore.ieee.org,https://ieeexplore.ieee.org/abstract/document/8857295/?casa_token=eD_2SeAK1woAAAAA:_K8y43BCaY7ZkMGbjcpR7txiMJMerFCHc5FFvn2IYvfbInJBqr0Yu1RVP-Z3YsfWIvjl2vve,"https://scholar.google.com/scholar?cites=1201152910874464618&as_sdt=2005&sciodt=0,5&hl=en",141,23/02/2021 14:50,,NA,NA,NA,NA,NA,NA,NA,8,4,3,3,2,"â€¦ a novel approach for the au- tomatic dosing of analgesics based on deep reinforcement learning â€¦ effects, such as those related to unrelieved pain and respiratory depression respectively. Our model aims to learn clinically interpretable optimal treatment policies and recommend â€¦"
0,0,Review paper,NA,NA,NA,NA,NA,NA,NA,NA,The neurobiology of motivational deficits in depressionâ€”an update on candidate pathomechanisms,NA,NA,NA,NA,NA,NA,NA,NA,NA,NA,NA,NA,NA,NA,NA,NA,NA,NA,NA,NA,NA,NA,NA,NA,NA,NA,NA,NA,NA,NA,NA,NA,NA,NA,NA,NA,NA,NA,NA,NA,NA,NA,NA,NA,NA,NA,NA,NA,NA,NA,NA,NA,NA,NA,NA,NA,NA,NA,NA,NA,NA,NA,NA,NA,NA,NA,NA,NA,NA,NA,NA,NA,NA,NA,NA,NA,NA,NA,36,MT Treadway,2015,Behavioral Neuroscience of Motivation,Springer,https://link.springer.com/chapter/10.1007/7854_2015_400,"https://scholar.google.com/scholar?cites=10721892788029587962&as_sdt=2005&sciodt=0,5&hl=en",147,23/02/2021 14:50,,NA,NA,NA,NA,NA,NA,NA,36,6,36,1,6,"â€¦ approach behavior, including motivation, enjoyment, optimism, and positive mood states â€¦ that may be partially responsible for motivational and reinforcement learning impairments observed in â€¦ Growing evidence from preclinical and computational modeling work suggests that â€¦"
0,0,Financial trading,NA,NA,NA,NA,NA,NA,NA,NA,An adaptive financial trading system using deep reinforcement learning with candlestick decomposing features,NA,NA,NA,NA,NA,NA,NA,NA,NA,NA,NA,NA,NA,NA,NA,NA,NA,NA,NA,NA,NA,NA,NA,NA,NA,NA,NA,NA,NA,NA,NA,NA,NA,NA,NA,NA,NA,NA,NA,NA,NA,NA,NA,NA,NA,NA,NA,NA,NA,NA,NA,NA,NA,NA,NA,NA,NA,NA,NA,NA,NA,NA,NA,NA,NA,NA,NA,NA,NA,NA,NA,NA,NA,NA,NA,NA,NA,NA,4,"D Fengqian, L Chao",2020,IEEE Access,ieeexplore.ieee.org,https://ieeexplore.ieee.org/abstract/document/9044812/,"https://scholar.google.com/scholar?cites=2372466744624191555&as_sdt=2005&sciodt=0,5&hl=en",149,23/02/2021 14:50,,NA,NA,NA,NA,NA,NA,NA,4,4,2,2,1,"â€¦ INDEX TERMS Deep reinforcement learning, K-line decomposing, clustering, trading system â€¦ On the other hand, it can greatly reduce the influence of traders' mood swings and â€¦ of every financial trader and strategy researcher to train an automated trading model through artificial â€¦"
0,0,Prediction of diabetes diagnosis,NA,NA,NA,NA,NA,NA,NA,NA,Forecasting the risk of type ii diabetes using reinforcement learning,NA,NA,NA,NA,NA,NA,NA,NA,NA,NA,NA,NA,NA,NA,NA,NA,NA,NA,NA,NA,NA,NA,NA,NA,NA,NA,NA,NA,NA,NA,NA,NA,NA,NA,NA,NA,NA,NA,NA,NA,NA,NA,NA,NA,NA,NA,NA,NA,NA,NA,NA,NA,NA,NA,NA,NA,NA,NA,NA,NA,NA,NA,NA,NA,NA,NA,NA,NA,NA,NA,NA,NA,NA,NA,NA,NA,NA,NA,7,"MF Zohora, MH Tania, MS Kaiserâ€¦",2020,2020 Joint 9th â€¦,ieeexplore.ieee.org,https://ieeexplore.ieee.org/abstract/document/9306653/,"https://scholar.google.com/scholar?cites=11934097900265225109&as_sdt=2005&sciodt=0,5&hl=en",154,23/02/2021 14:50,,NA,NA,NA,NA,NA,NA,NA,7,7,2,4,1,"â€¦ This model can also be easily used for the detection of other types of the â€¦ Kaiser, A. Hussain, and S. Vassanelli, â€œApplications of deep learning and reinforcement learning to biological â€¦ RM Khalil and A. Al-Jumaily, â€œMachine learning based prediction of depression among type 2 â€¦"
REPEAT previous,,,NA,NA,NA,NA,NA,NA,NA,NA,A silent eligibility trace enables dopamineâ€dependent synaptic plasticity for reinforcement learning in the mouse striatum,NA,NA,NA,NA,NA,NA,NA,NA,NA,NA,NA,NA,NA,NA,NA,NA,NA,NA,NA,NA,NA,NA,NA,NA,NA,NA,NA,NA,NA,NA,NA,NA,NA,NA,NA,NA,NA,NA,NA,NA,NA,NA,NA,NA,NA,NA,NA,NA,NA,NA,NA,NA,NA,NA,NA,NA,NA,NA,NA,NA,NA,NA,NA,NA,NA,NA,NA,NA,NA,NA,NA,NA,NA,NA,NA,NA,NA,NA,33,"T Shindou, M Shindou, S Watanabeâ€¦",2019,European Journal of â€¦,Wiley Online Library,https://onlinelibrary.wiley.com/doi/abs/10.1111/ejn.13921,"https://scholar.google.com/scholar?cites=17193036186905720876&as_sdt=2005&sciodt=0,5&hl=en",159,23/02/2021 14:50,,NA,NA,NA,NA,NA,NA,NA,33,16.5,8,4,2,â€¦ was hidden by longâ€term depression occurring concurrently and was unmasked when longâ€term depression blocked an L â€¦ Dopamineâ€dependent synaptic plasticity in the corticostriatal pathway has been proposed as a cellular model for reinforcement learning (Reynolds et al â€¦
0,0,Robots,NA,NA,NA,NA,NA,NA,NA,NA,Interactive Reinforcement Learning based Assistive Robot for the Emotional Support of Children,NA,NA,NA,NA,NA,NA,NA,NA,NA,NA,NA,NA,NA,NA,NA,NA,NA,NA,NA,NA,NA,NA,NA,NA,NA,NA,NA,NA,NA,NA,NA,NA,NA,NA,NA,NA,NA,NA,NA,NA,NA,NA,NA,NA,NA,NA,NA,NA,NA,NA,NA,NA,NA,NA,NA,NA,NA,NA,NA,NA,NA,NA,NA,NA,NA,NA,NA,NA,NA,NA,NA,NA,NA,NA,NA,NA,NA,NA,3,"E Gamborino, LC Fu",2018,2018 18th International Conference on â€¦,ieeexplore.ieee.org,https://ieeexplore.ieee.org/abstract/document/8571998/?casa_token=Q7eCEAl-YdQAAAAA:Bos0cHyPTxUb0uCVkiunuH9pEfx41oVw7wX2JbmMI3qDIpc3g48t-veoEhDEThpJcAtpRWHi,"https://scholar.google.com/scholar?cites=10503860105932835288&as_sdt=2005&sciodt=0,5&hl=en",162,23/02/2021 14:50,,NA,NA,NA,NA,NA,NA,NA,3,1,2,2,3,"â€¦ 5) [1, 9], a robotic companion used to mitigate anxiety, stress and pain in pediatric patients by engaging them in playful interactions â€¦ 3. PROPOSED METHODOLOGY 3.1 Emotion-Based State Classification To model this task as a Reinforcement Learning problem, the first â€¦"
REPEAT previous,,,NA,NA,NA,NA,NA,NA,NA,NA,Identifying cognitive remediation change through computational modellingâ€”Effects on reinforcement learning in schizophrenia,NA,NA,NA,NA,NA,NA,NA,NA,NA,NA,NA,NA,NA,NA,NA,NA,NA,NA,NA,NA,NA,NA,NA,NA,NA,NA,NA,NA,NA,NA,NA,NA,NA,NA,NA,NA,NA,NA,NA,NA,NA,NA,NA,NA,NA,NA,NA,NA,NA,NA,NA,NA,NA,NA,NA,NA,NA,NA,NA,NA,NA,NA,NA,NA,NA,NA,NA,NA,NA,NA,NA,NA,NA,NA,NA,NA,NA,NA,30,"M Cella, AJ Bishara, E Medin, S Swanâ€¦",2014,Schizophrenia â€¦,academic.oup.com,https://academic.oup.com/schizophreniabulletin/article-abstract/40/6/1422/1851372,"https://scholar.google.com/scholar?cites=1990310785800538098&as_sdt=2005&sciodt=0,5&hl=en",170,23/02/2021 14:50,,NA,NA,NA,NA,NA,NA,NA,30,4.29,6,5,7,"â€¦ Article Navigation. Identifying Cognitive Remediation Change Through Computational Modellingâ€”Effects on Reinforcement Learning in Schizophrenia. Matteo Cella, Matteo Cella *. 1 Department of Psychology, Institute of Psychiatry â€¦"
REPEAT previous,,,NA,NA,NA,NA,NA,NA,NA,NA,Investigating the computational underpinnings of addiction,NA,NA,NA,NA,NA,NA,NA,NA,NA,NA,NA,NA,NA,NA,NA,NA,NA,NA,NA,NA,NA,NA,NA,NA,NA,NA,NA,NA,NA,NA,NA,NA,NA,NA,NA,NA,NA,NA,NA,NA,NA,NA,NA,NA,NA,NA,NA,NA,NA,NA,NA,NA,NA,NA,NA,NA,NA,NA,NA,NA,NA,NA,NA,NA,NA,NA,NA,NA,NA,NA,NA,NA,NA,NA,NA,NA,NA,NA,1,SM Groman,2019,Neuropsychopharmacology,nature.com,https://idp.nature.com/authorize/casa?redirect_uri=https://www.nature.com/articles/s41386-019-0412-x&casa_token=6oxHHqo3yG4AAAAA:nY2nLUAQYwPT0Z60ySTAu9VJ0Xmdyt2uSpK2x8jly_n9UYKQ9W0i-rSttJqseZJ0dxOnSG0v7AUcx9vX,"https://scholar.google.com/scholar?cites=8826940064837193839&as_sdt=2005&sciodt=0,5&hl=en",176,23/02/2021 14:50,HTML,NA,NA,NA,NA,NA,NA,NA,1,0.5,1,1,2,"â€¦ In their recent Neuropsychopharmacology article, Zhukovsky and colleagues [3] used a computational approach to interrogate the reinforcement-learning mechanisms that â€¦ cocaine infusion in short (1 h) and long-access (6 h) sessions across 13 days to model the escalation â€¦"
0,0,Home energy management,NA,NA,NA,NA,NA,NA,NA,NA,A multi-agent reinforcement learning-based data-driven method for home energy management,NA,NA,NA,NA,NA,NA,NA,NA,NA,NA,NA,NA,NA,NA,NA,NA,NA,NA,NA,NA,NA,NA,NA,NA,NA,NA,NA,NA,NA,NA,NA,NA,NA,NA,NA,NA,NA,NA,NA,NA,NA,NA,NA,NA,NA,NA,NA,NA,NA,NA,NA,NA,NA,NA,NA,NA,NA,NA,NA,NA,NA,NA,NA,NA,NA,NA,NA,NA,NA,NA,NA,NA,NA,NA,NA,NA,NA,NA,26,"X Xu, Y Jia, Y Xu, Z Xu, S Chaiâ€¦",2020,IEEE Transactions on â€¦,ieeexplore.ieee.org,https://ieeexplore.ieee.org/abstract/document/8981876/?casa_token=W9FI7kf1H0EAAAAA:Xbcp3z7t7LcoTk04u7W_VOSmN33uGr0OjbzIMqoIJPU2M8m3TysiINmVgMHnezSbHS8IwTKp,"https://scholar.google.com/scholar?cites=5605143629687833667&as_sdt=2005&sciodt=0,5&hl=en",180,23/02/2021 14:50,,NA,NA,NA,NA,NA,NA,NA,26,26,4,6,1,"â€¦ of reducing electricity cost for householders but also improve the computational efficiency â€¦ By contrast, our proposed model-free data-driven based HEM method can overcome â€¦ XU et al.: MULTI-AGENT REINFORCEMENT LEARNING-BASED DATA-DRIVEN METHOD FOR HEM â€¦"
0,1,No clinical group,NA,NA,NA,NA,NA,NA,NA,NA,Contextual influence on confidence judgments in human reinforcement learning,NA,NA,NA,NA,NA,NA,NA,NA,NA,NA,NA,NA,NA,NA,NA,NA,NA,NA,NA,NA,NA,NA,NA,NA,NA,NA,NA,NA,NA,NA,NA,NA,NA,NA,NA,NA,NA,NA,NA,NA,NA,NA,NA,NA,NA,NA,NA,NA,NA,NA,NA,NA,NA,NA,NA,NA,NA,NA,NA,NA,NA,NA,NA,NA,NA,NA,NA,NA,NA,NA,NA,NA,NA,NA,NA,NA,NA,NA,12,"M Lebreton, K Bacily, S Palminteriâ€¦",2019,PLoS computational â€¦,journals.plos.org,https://journals.plos.org/ploscompbiol/article?id=10.1371/journal.pcbi.1006973&rev=1,"https://scholar.google.com/scholar?cites=17302385893435504938&as_sdt=2005&sciodt=0,5&hl=en",183,23/02/2021 14:50,HTML,NA,NA,NA,NA,NA,NA,NA,12,6,3,4,2,"â€¦ Despite the recent surge of neural, computational and behavioral models of confidence estimation in â€¦ how decision-makers estimate their confidence in their choices in reinforcement-learning contexts remains â€¦ 26], arousal [27], mood [28], and emotions [29] such as anxiety [30] â€¦"
REPEAT previous,,,NA,NA,NA,NA,NA,NA,NA,NA,Moody Learners-Explaining Competitive Behaviour of Reinforcement Learning Agents,NA,NA,NA,NA,NA,NA,NA,NA,NA,NA,NA,NA,NA,NA,NA,NA,NA,NA,NA,NA,NA,NA,NA,NA,NA,NA,NA,NA,NA,NA,NA,NA,NA,NA,NA,NA,NA,NA,NA,NA,NA,NA,NA,NA,NA,NA,NA,NA,NA,NA,NA,NA,NA,NA,NA,NA,NA,NA,NA,NA,NA,NA,NA,NA,NA,NA,NA,NA,NA,NA,NA,NA,NA,NA,NA,NA,NA,NA,1,"P Barros, A Tanevska, F Cruzâ€¦",2020,2020 Joint IEEE 10th â€¦,ieeexplore.ieee.org,https://ieeexplore.ieee.org/abstract/document/9278125/,"https://scholar.google.com/scholar?cites=9323643233750280833&as_sdt=2005&sciodt=0,5&hl=en",184,23/02/2021 14:50,,NA,NA,NA,NA,NA,NA,NA,1,1,0,4,1,"â€¦ we see this work as the basis for the im- plementation of intrinsic-aware agents towards competitive reinforcement learning scenarios â€¦ Also, we will investigate in the future the integration of intrinsic personality traits in the agents' mood, in order to model unique social â€¦"
0,0,Lecture slides,NA,NA,NA,NA,NA,NA,NA,NA,Inverse Reinforcement Learning.,NA,NA,NA,NA,NA,NA,NA,NA,NA,NA,NA,NA,NA,NA,NA,NA,NA,NA,NA,NA,NA,NA,NA,NA,NA,NA,NA,NA,NA,NA,NA,NA,NA,NA,NA,NA,NA,NA,NA,NA,NA,NA,NA,NA,NA,NA,NA,NA,NA,NA,NA,NA,NA,NA,NA,NA,NA,NA,NA,NA,NA,NA,NA,NA,NA,NA,NA,NA,NA,NA,NA,NA,NA,NA,NA,NA,NA,NA,62,"P Abbeel, AY Ng",2010,,pdfs.semanticscholar.org,https://pdfs.semanticscholar.org/56e1/d8e94a4ccd36242a6a28d975058402299eef.pdf,"https://scholar.google.com/scholar?cites=10157328359200457788&as_sdt=2005&sciodt=0,5&hl=en",191,23/02/2021 14:50,PDF,NA,NA,NA,NA,NA,NA,NA,62,5.64,31,2,11,"â€¦ TexPoint fonts used in EMF. Page 2. Inverse Reinforcement Learning [equally good titles: Inverse Optimal Control, Inverse Optimal Planning] Pieter Abbeel UC Berkeley EECS TexPoint fonts used in EMF. Page 3. High-â€level picture Dynamics Model T Reward Function R â€¦"
0,0,Review paper,NA,NA,NA,NA,NA,NA,NA,NA,Reinforcement learning in healthcare: A survey,NA,NA,NA,NA,NA,NA,NA,NA,NA,NA,NA,NA,NA,NA,NA,NA,NA,NA,NA,NA,NA,NA,NA,NA,NA,NA,NA,NA,NA,NA,NA,NA,NA,NA,NA,NA,NA,NA,NA,NA,NA,NA,NA,NA,NA,NA,NA,NA,NA,NA,NA,NA,NA,NA,NA,NA,NA,NA,NA,NA,NA,NA,NA,NA,NA,NA,NA,NA,NA,NA,NA,NA,NA,NA,NA,NA,NA,NA,44,"C Yu, J Liu, S Nemati",2019,arXiv preprint arXiv:1908.08796,arxiv.org,https://arxiv.org/abs/1908.08796,"https://scholar.google.com/scholar?cites=17089664978774144368&as_sdt=2005&sciodt=0,5&hl=en",194,23/02/2021 14:50,,NA,NA,NA,NA,NA,NA,NA,44,22,15,3,2,"â€¦ RRL Relational Reinforcement Learning TD Temporal Difference TRL Transfer Reinforcement Learning TRPO Trust â€¦ learning efficiency for either model-based [60], [61] or model-free RL â€¦ to decompose the original problem, potentially reducing its computational complexity â€¦"
REPEAT previous,,,NA,NA,NA,NA,NA,NA,NA,NA,Active inference in OpenAI Gym: A paradigm for computational investigations into psychiatric illness,NA,NA,NA,NA,NA,NA,NA,NA,NA,NA,NA,NA,NA,NA,NA,NA,NA,NA,NA,NA,NA,NA,NA,NA,NA,NA,NA,NA,NA,NA,NA,NA,NA,NA,NA,NA,NA,NA,NA,NA,NA,NA,NA,NA,NA,NA,NA,NA,NA,NA,NA,NA,NA,NA,NA,NA,NA,NA,NA,NA,NA,NA,NA,NA,NA,NA,NA,NA,NA,NA,NA,NA,NA,NA,NA,NA,NA,NA,52,"M Cullen, B Davey, KJ Friston, RJ Moran",2018,Biological psychiatry: cognitive â€¦,Elsevier,https://www.sciencedirect.com/science/article/pii/S2451902218301617?casa_token=QitKKzHJzJ4AAAAA:Jdr8GvqcdHqh0QQIwLMkFUGpN_3BoJ8e4YqgXlead4ysRtbIyhv3gz4lIgFwI-5IVrCKm8KjnQ,"https://scholar.google.com/scholar?cites=18164988857040064614&as_sdt=2005&sciodt=0,5&hl=en",196,23/02/2021 14:50,HTML,NA,NA,NA,NA,NA,NA,NA,52,17.33,13,4,3,"â€¦ use the OpenAI Gym platform (23), as it provides standardized tasks and computational environments, allowing for comparative models of behavior to be shared across the reinforcement-learning community â€¦ By altering the parameters of the generative model and â€¦"
0,0,Simulations,NA,NA,NA,NA,NA,NA,NA,NA,Striatal dopamine ramping may indicate flexible reinforcement learning with forgetting in the cortico-basal ganglia circuits,NA,NA,NA,NA,NA,NA,NA,NA,NA,NA,NA,NA,NA,NA,NA,NA,NA,NA,NA,NA,NA,NA,NA,NA,NA,NA,NA,NA,NA,NA,NA,NA,NA,NA,NA,NA,NA,NA,NA,NA,NA,NA,NA,NA,NA,NA,NA,NA,NA,NA,NA,NA,NA,NA,NA,NA,NA,NA,NA,NA,NA,NA,NA,NA,NA,NA,NA,NA,NA,NA,NA,NA,NA,NA,NA,NA,NA,NA,42,"K Morita, A Kato",2014,Frontiers in neural circuits,frontiersin.org,https://www.frontiersin.org/articles/10.3389/fncir.2014.00036/full,"https://scholar.google.com/scholar?cites=14645929539282776567&as_sdt=2005&sciodt=0,5&hl=en",198,23/02/2021 14:50,HTML,NA,NA,NA,NA,NA,NA,NA,42,6,21,2,7,"â€¦ In light of these findings and suggestions, in the present study we explored through computational modeling whether the observed gradual ramping of DA can be explained by extending the â€œDA â€¦ Incorporation of Decay of Learned Values into the Reinforcement Learning Model â€¦"
0,1,No modelling,NA,NA,NA,NA,NA,NA,NA,NA,Probabilistic learning by positive and negative reinforcement in generalized anxiety disorder,NA,NA,NA,NA,NA,NA,NA,NA,NA,NA,NA,NA,NA,NA,NA,NA,NA,NA,NA,NA,NA,NA,NA,NA,NA,NA,NA,NA,NA,NA,NA,NA,NA,NA,NA,NA,NA,NA,NA,NA,NA,NA,NA,NA,NA,NA,NA,NA,NA,NA,NA,NA,NA,NA,NA,NA,NA,NA,NA,NA,NA,NA,NA,NA,NA,NA,NA,NA,NA,NA,NA,NA,NA,NA,NA,NA,NA,NA,7,"LS LaFreniere, MG Newman",2019,Clinical Psychological â€¦,journals.sagepub.com,https://journals.sagepub.com/doi/abs/10.1177/2167702618809366?casa_token=-AQykzM1k2IAAAAA:5_t5EiQH_6t_DjTEhyR-rlBcvAz_Z2hi1ON1tWdpK8AX_8XThMwhAl3K8T_bWR2wvU9pA66pSRYz,"https://scholar.google.com/scholar?cites=1094955674164757810&as_sdt=2005&sciodt=0,5&hl=en",199,23/02/2021 14:50,,NA,NA,NA,NA,NA,NA,NA,7,3.5,4,2,2,"â€¦ Download Citation. Download article citation data for: Probabilistic Learning by Positive and Negative Reinforcement in Generalized Anxiety Disorder. Lucas S. LaFreniere and Michelle G. Newman. Clinical Psychological Science 2018 7:3, 502-515. Download Citation â€¦"
,,,,,,,,,,,,,,,,,,,,,,,,,,,,,,,,,,,,,,,,,,,,,,,,,,,,,,,,,,,,,,,,,,,,,,,,,,,,,,,,,,,,,,,,,,,,,,,,,,,,,,,,,,,,,,,,
,,,,,,,,,,,,,,,,,,,,,,,,,,,,,,,,,,,,,,,,,,,,,,,,,,,,,,,,,,,,,,,,,,,,,,,,,,,,,,,,,,,,,,,,,,,,,,,,,,,,,,,,,,,,,,,,
29,20,,,,,,,,,,,,,,,,,,,,,,,,,,,,,,,,,,,,,,,,,,,,,,,,,,,,,,,,,,,,,,,,,,,,,,,,,,,,,,,,,,,,,,,,,,,,,,,,,,,,,,,,,,,,,,,
1,10,,,,total,1127,,,,,,,,,,,,,,,,,,,,,,,,,,,,,,,,,,,,,,,,,,,,,,,,,,,,,,,,,,,,,,,,,,,,,,,,,,,,,,,,,,,,,,,,,,,,,,,,,,,,,,,,,,
,,,,,,,,,,,,,,,,,,,,,,,,,,,,,,,,,,,,,,,,,,,,,,,,,,,,,,,,,,,,,,,,,,,,,,,,,,,,,,,,,,,,,,,,,,,,,,,,,,,,,,,,,,,,,,,,
,,,,,after dups removed,875,,,,,,,,,,,,,,,,,,,,,,,,,,,,,,,,,,,,,,,,,,,,,,,,,,,,,,,,,,,,,,,,,,,,,,,,,,,,,,,,,,,,,,,,,,,,,,,,,,,,,,,,,,
,,,,,,,,,,,,,,,,,,,,,,,,,,,,,,,,,,,,,,,,,,,,,,,,,,,,,,,,,,,,,,,,,,,,,,,,,,,,,,,,,,,,,,,,,,,,,,,,,,,,,,,,,,,,,,,,
,,,,,excluded,701,,,,,,,,,,,,,,,,,,,,,,,,,,,,,,,,,,,,,,,,,,,,,,,,,,,,,,,,,,,,,,,,,,,,,,,,,,,,,,,,,,,,,,,,,,,,,,,,,,,,,,,,,,
,,,,,,,,,,,,,,,,,,,,,,,,,,,,,,,,,,,,,,,,,,,,,,,,,,,,,,,,,,,,,,,,,,,,,,,,,,,,,,,,,,,,,,,,,,,,,,,,,,,,,,,,,,,,,,,,
,,,,,assessed for eligibility,174,,,,,,,,,,,,,,,,,,,,,,,,,,,,,,,,,,,,,,,,,,,,,,,,,,,,,,,,,,,,,,,,,,,,,,,,,,,,,,,,,,,,,,,,,,,,,,,,,,,,,,,,,,
,,,,,,,,,,,,,,,,,,,,,,,,,,,,,,,,,,,,,,,,,,,,,,,,,,,,,,,,,,,,,,,,,,,,,,,,,,,,,,,,,,,,,,,,,,,,,,,,,,,,,,,,,,,,,,,,
,,,,,didn't fit inclusion 1 to 4,144,,,,,,,,,,,,,,,,,,,,,,,,,,,,,,,,,,,,,,,,,,,,,,,,,,,,,,,,,,,,,,,,,,,,,,,,,,,,,,,,,,,,,,,,,,,,,,,,,,,,,,,,,,
,,,,,,,,,,,,,,,,,,,,,,,,,,,,,,,,,,,,,,,,,,,,,,,,,,,,,,,,,,,,,,,,,,,,,,,,,,,,,,,,,,,,,,,,,,,,,,,,,,,,,,,,,,,,,,,,
,,,,,assessed for criterion 5,30,,,,,,,,,,,,,,,,,,,,,,,,,,,,,,,,,,,,,,,,,,,,,,,,,,,,,,,,,,,,,,,,,,,,,,,,,,,,,,,,,,,,,,,,,,,,,,,,,,,,,,,,,,
