Include/exclude,Reason,Title,URL,Description,Details,ShortDetails,Resource,Type,Identifiers,Db,EntrezUID,Properties,,,,,,"((""reinforcement learning"") AND (computational OR model)) AND (depression OR anxiety OR mood) "
0,Not clinical,The Neural Basis of Shared Preference Learning.,/pubmed/31680152,"Farmer H, Hertz U, Hamilton A.",Soc Cogn Affect Neurosci. 2019 Nov 4. pii: nsz076. doi: 10.1093/scan/nsz076. [Epub ahead of print],Soc Cogn Affect Neurosci.  2019,PubMed,citation,PMID:31680152,pubmed,31680152,create date:2019/11/05 | first author:Farmer H,,,,,,
0,Neurons/circuits,Regulation of adenylyl cyclase 5 in striatal neurons confers the ability to detect coincident neuromodulatory signals.,/pubmed/31665146,"Bruce NJ, Narzi D, Trpevski D, van Keulen SC, Nair AG, Röthlisberger U, Wade RC, Carloni P, Hellgren Kotaleski J.",PLoS Comput Biol. 2019 Oct 30;15(10):e1007382. doi: 10.1371/journal.pcbi.1007382. eCollection 2019 Oct.,PLoS Comput Biol.  2019,PubMed,citation,PMID:31665146 | PMCID:PMC6821081,pubmed,31665146,create date:2019/10/31 | first author:Bruce NJ,,,,,,
0,Review paper,"Driven by Pain, Not Gain: Computational Approaches to Aversion-Related Decision Making in Psychiatry.",/pubmed/31653478,Paulus MP.,Biol Psychiatry. 2019 Sep 9. pii: S0006-3223(19)31665-8. doi: 10.1016/j.biopsych.2019.08.025. [Epub ahead of print] Review.,Biol Psychiatry.  2019,PubMed,citation,PMID:31653478,pubmed,31653478,create date:2019/10/28 | first author:Paulus MP,,,,,,
0,Review paper,[Computational psychiatry : Data-driven vs. mechanistic approaches].,/pubmed/31538209,"Kaminski J, Katthagen T, Schlagenhauf F.",Nervenarzt. 2019 Nov;90(11):1117-1124. doi: 10.1007/s00115-019-00796-w. Review. German. ,Nervenarzt.  2019,PubMed,citation,PMID:31538209,pubmed,31538209,create date:2019/09/21 | first author:Kaminski J,,,,,,
0,Neurons/circuits,"Neuromodulation of Spike-Timing-Dependent Plasticity: Past, Present, and Future.",/pubmed/31437453,"Brzosko Z, Mierau SB, Paulsen O.",Neuron. 2019 Aug 21;103(4):563-581. doi: 10.1016/j.neuron.2019.05.041. Review.,Neuron.  2019,PubMed,citation,PMID:31437453,pubmed,31437453,create date:2019/08/23 | first author:Brzosko Z,,,,,,
DUPLICATION WOS,,Sensitivity to negative and positive feedback as a stable and enduring behavioural trait in rats.,/pubmed/31375849,"Noworyta-Sokolowska K, Kozub A, Jablonska J, Rodriguez Parkitna J, Drozd R, Rygula R.",Psychopharmacology (Berl). 2019 Aug;236(8):2389-2403. doi: 10.1007/s00213-019-05333-w. Epub 2019 Aug 3.,Psychopharmacology (Berl).  2019,PubMed,citation,PMID:31375849 | PMCID:PMC6695373,pubmed,31375849,create date:2019/08/04 | first author:Noworyta-Sokolowska K,,,,,,
DUPLICATION WOS,,Impaired reward-related learning signals in remitted unmedicated patients with recurrent depression.,/pubmed/31280309,"Geugies H, Mocking RJT, Figueroa CA, Groot PFC, Marsman JC, Servaas MN, Steele JD, Schene AH, Ruhé HG.",Brain. 2019 Aug 1;142(8):2510-2522. doi: 10.1093/brain/awz167.,Brain.  2019,PubMed,citation,PMID:31280309 | PMCID:PMC6734943,pubmed,31280309,create date:2019/07/08 | first author:Geugies H,,,,,,
DUPLICATION WOS,,Computational psychopharmacology: a translational and pragmatic approach.,/pubmed/31273400,"Robbins TW, Cardinal RN.",Psychopharmacology (Berl). 2019 Aug;236(8):2295-2305. doi: 10.1007/s00213-019-05302-3. Epub 2019 Jul 4. Review.,Psychopharmacology (Berl).  2019,PubMed,citation,PMID:31273400 | PMCID:PMC6695356,pubmed,31273400,create date:2019/07/06 | first author:Robbins TW,,,,,,
DUPLICATION WOS,,Reward and avoidance learning in the context of aversive environments and possible implications for depressive symptoms.,/pubmed/31254091,"Sebold M, Garbusow M, Jetzschmann P, Schad DJ, Nebe S, Schlagenhauf F, Heinz A, Rapp M, Romanczuk-Seiferth N.",Psychopharmacology (Berl). 2019 Aug;236(8):2437-2449. doi: 10.1007/s00213-019-05299-9. Epub 2019 Jun 28.,Psychopharmacology (Berl).  2019,PubMed,citation,PMID:31254091 | PMCID:PMC6695365,pubmed,31254091,create date:2019/06/30 | first author:Sebold M,,,,,,
DUPLICATION WOS,,Modeling subjective belief states in computational psychiatry: interoceptive inference as a candidate framework.,/pubmed/31230144,"Gu X, FitzGerald THB, Friston KJ.",Psychopharmacology (Berl). 2019 Aug;236(8):2405-2412. doi: 10.1007/s00213-019-05300-5. Epub 2019 Jun 22.,Psychopharmacology (Berl).  2019,PubMed,citation,PMID:31230144 | PMCID:PMC6697568,pubmed,31230144,create date:2019/06/24 | first author:Gu X,,,,,,
DUPLICATION WOS,,Altered learning under uncertainty in unmedicated mood and anxiety disorders.,/pubmed/31209369,"Aylward J, Valton V, Ahn WY, Bond RL, Dayan P, Roiser JP, Robinson OJ.",Nat Hum Behav. 2019 Oct;3(10):1116-1123. doi: 10.1038/s41562-019-0628-0. Epub 2019 Jun 17.,Nat Hum Behav.  2019,PubMed,citation,PMID:31209369 | PMCID:PMC6790140,pubmed,31209369,create date:2019/06/19 | first author:Aylward J,,,,,,
DUPLICATION WOS,,Models that learn how humans learn: The case of decision-making and its disorders.,/pubmed/31185008,"Dezfouli A, Griffiths K, Ramos F, Dayan P, Balleine BW.",PLoS Comput Biol. 2019 Jun 11;15(6):e1006903. doi: 10.1371/journal.pcbi.1006903. eCollection 2019 Jun.,PLoS Comput Biol.  2019,PubMed,citation,PMID:31185008 | PMCID:PMC6588260,pubmed,31185008,create date:2019/06/12 | first author:Dezfouli A,,,,,,
0,Meta-analysis,Decomposing the effects of context valence and feedback information on speed and accuracy during reinforcement learning: a meta-analytical approach using diffusion decision modeling.,/pubmed/31175616,"Fontanesi L, Palminteri S, Lebreton M.",Cogn Affect Behav Neurosci. 2019 Jun;19(3):490-502. doi: 10.3758/s13415-019-00723-1.,Cogn Affect Behav Neurosci.  2019,PubMed,citation,PMID:31175616 | PMCID:PMC6598978,pubmed,31175616,create date:2019/06/09 | first author:Fontanesi L,,,,,,
DUPLICATION WOS,,The Effects of the Angiotensin II Receptor Antagonist Losartan on Appetitive Versus Aversive Learning: A Randomized Controlled Trial.,/pubmed/31155138,"Pulcu E, Shkreli L, Holst CG, Woud ML, Craske MG, Browning M, Reinecke A.",Biol Psychiatry. 2019 Sep 1;86(5):397-404. doi: 10.1016/j.biopsych.2019.04.010. Epub 2019 Apr 17.,Biol Psychiatry.  2019,PubMed,citation,PMID:31155138,pubmed,31155138,create date:2019/06/04 | first author:Pulcu E,,,,,,
0,Median+IQR,Multiple Dissociations Between Comorbid Depression and Anxiety on Reward and Punishment Processing: Evidence From Computationally Informed EEG.,/pubmed/31149639,"Sharp, Madeleine E.; Foerde, Karin; Daw, Nathaniel D.; Shohamy, Daphna",Comput Psychiatr. 2019 Jan;3:1-17. doi: 10.1162/cpsy_a_00024.,Comput Psychiatr.  2019,PubMed,citation,PMID:31149639 | PMCID:PMC6515849,pubmed,31149639,create date:2019/06/01 | first author:Cavanagh JF,,,,,,
DUPLICATION WOS,,Parameters as Trait Indicators: Exploring a Complementary Neurocomputational Approach to Conceptualizing and Measuring Trait Differences in Emotional Intelligence.,/pubmed/31057467,"Smith R, Alkozei A, Killgore WDS.",Front Psychol. 2019 Apr 18;10:848. doi: 10.3389/fpsyg.2019.00848. eCollection 2019.,Front Psychol.  2019,PubMed,citation,PMID:31057467 | PMCID:PMC6482169,pubmed,31057467,create date:2019/05/07 | first author:Smith R,,,,,,
DUPLICATION WOS,,Maladaptive striatal plasticity and abnormal reward-learning in cervical dystonia.,/pubmed/30955204,"Gilbertson T, Humphries M, Steele JD.",Eur J Neurosci. 2019 Oct;50(7):3191-3204. doi: 10.1111/ejn.14414. Epub 2019 May 14.,Eur J Neurosci.  2019,PubMed,citation,PMID:30955204,pubmed,30955204,create date:2019/04/08 | first author:Gilbertson T,,,,,,
0,In rats,Withdrawal from escalated cocaine self-administration impairs reversal learning by disrupting the effects of negative feedback on reward exploitation: a behavioral and computational analysis.,/pubmed/30952156,"Zhukovsky P, Puaud M, Jupp B, Sala-Bayo J, Alsiö J, Xia J, Searle L, Morris Z, Sabir A, Giuliano C, Everitt BJ, Belin D, Robbins TW, Dalley JW.",Neuropsychopharmacology. 2019 Dec;44(13):2163-2173. doi: 10.1038/s41386-019-0381-0. Epub 2019 Apr 6.,Neuropsychopharmacology.  2019,PubMed,citation,PMID:30952156,pubmed,30952156,create date:2019/04/06 | first author:Zhukovsky P,,,,,,
DUPLICATION WOS,,Revisiting a theory of cerebellar cortex.,/pubmed/30922970,"Yamazaki T, Lennon W.",Neurosci Res. 2019 Nov;148:1-8. doi: 10.1016/j.neures.2019.03.001. Epub 2019 Mar 26. Review.,Neurosci Res.  2019,PubMed,citation,PMID:30922970,pubmed,30922970,create date:2019/03/30 | first author:Yamazaki T,,,,,,
0,Neurons/circuits,The Functional Role of Striatal Cholinergic Interneurons in Reinforcement Learning From Computational Perspective.,/pubmed/30846930,"Kim T, Capps RA, Hamade KC, Barnett WH, Todorov DI, Latash EM, Markin SN, Rybak IA, Molkov YI.",Front Neural Circuits. 2019 Feb 21;13:10. doi: 10.3389/fncir.2019.00010. eCollection 2019.,Front Neural Circuits.  2019,PubMed,citation,PMID:30846930 | PMCID:PMC6393383,pubmed,30846930,create date:2019/03/09 | first author:Kim T,,,,,,
0,No clinical group,Neurocomputational mechanisms of adaptive learning in social exchanges.,/pubmed/30756349,"Vanyukov PM, Hallquist MN, Delgado M, Szanto K, Dombrovski AY.",Cogn Affect Behav Neurosci. 2019 Aug;19(4):985-997. doi: 10.3758/s13415-019-00697-0.,Cogn Affect Behav Neurosci.  2019,PubMed,citation,PMID:30756349 | PMCID:PMC6690806,pubmed,30756349,create date:2019/02/14 | first author:Vanyukov PM,,,,,,
DUPLICATION WOS,,Difficulty in updating positive beliefs about negative cognition is associated with increased depressed mood.,/pubmed/30739047,"Takano K, Van Grieken J, Raes F.",J Behav Ther Exp Psychiatry. 2019 Sep;64:22-30. doi: 10.1016/j.jbtep.2019.02.001. Epub 2019 Feb 2.,J Behav Ther Exp Psychiatry.  2019,PubMed,citation,PMID:30739047,pubmed,30739047,create date:2019/02/11 | first author:Takano K,,,,,,
0,Blood glucose/ off topic,Control of Blood Glucose for Type-1 Diabetes by Using Reinforcement Learning with Feedforward Algorithm.,/pubmed/30693047,"Ngo PD, Wei S, Holubová A, Muzik J, Godtliebsen F.",Comput Math Methods Med. 2018 Dec 30;2018:4091497. doi: 10.1155/2018/4091497. eCollection 2018.,Comput Math Methods Med.  2018,PubMed,citation,PMID:30693047 | PMCID:PMC6332998,pubmed,30693047,create date:2019/01/30 | first author:Ngo PD,,,,,,
DUPLICATION WOS,,A Dual Role Hypothesis of the Cortico-Basal-Ganglia Pathways: Opponency and Temporal Difference Through Dopamine and Adenosine.,/pubmed/30687019,"Morita K, Kawaguchi Y.",Front Neural Circuits. 2019 Jan 7;12:111. doi: 10.3389/fncir.2018.00111. eCollection 2018.,Front Neural Circuits.  2018,PubMed,citation,PMID:30687019 | PMCID:PMC6338031,pubmed,30687019,create date:2019/01/29 | first author:Morita K,,,,,,
1,,Suicidal thoughts and behaviors are associated with an increased decision-making bias for active responses to escape aversive states.,/pubmed/30589305,"Millner AJ, den Ouden HEM, Gershman SJ, Glenn CR, Kearns JC, Bornstein AM, Marx BP, Keane TM, Nock MK.",J Abnorm Psychol. 2019 Feb;128(2):106-118. doi: 10.1037/abn0000395. Epub 2018 Dec 27.,J Abnorm Psychol.  2019,PubMed,citation,PMID:30589305,pubmed,30589305,create date:2018/12/28 | first author:Millner AJ,,,,,,
DUPLICATION WOS,,"Value-Based Choice, Contingency Learning, and Suicidal Behavior in Mid- and Late-Life Depression.",/pubmed/30502081,"Dombrovski AY, Hallquist MN, Brown VM, Wilson J, Szanto K.",Biol Psychiatry. 2019 Mar 15;85(6):506-516. doi: 10.1016/j.biopsych.2018.10.006. Epub 2018 Oct 18. Erratum in: Biol Psychiatry. 2019 Jun 1;85(11):977. ,Biol Psychiatry.  2019,PubMed,citation,PMID:30502081 | PMCID:PMC6380943,pubmed,30502081,create date:2018/12/07 | first author:Dombrovski AY,,,,,,
0,No modelling,Impaired generalization of reward but not loss in obsessive-compulsive disorder.,/pubmed/30484928,"Rouhani N, Wimmer GE, Schneier FR, Fyer AJ, Shohamy D, Simpson HB.",Depress Anxiety. 2019 Feb;36(2):121-129. doi: 10.1002/da.22857. Epub 2018 Nov 28.,Depress Anxiety.  2019,PubMed,citation,PMID:30484928,pubmed,30484928,create date:2018/11/30 | first author:Rouhani N,,,,,,
0,In schizophrenia,Motivational deficits in schizophrenia relate to abnormalities in cortical learning rate signals.,/pubmed/30276616,1,Cogn Affect Behav Neurosci. 2018 Dec;18(6):1338-1351. doi: 10.3758/s13415-018-0643-z.,Cogn Affect Behav Neurosci.  2018,PubMed,citation,PMID:30276616,pubmed,30276616,create date:2018/10/03 | first author:Hernaus D,,,,,,
0,Not clinical,Development of MPFC function mediates shifts in self-protective behavior provoked by social feedback.,/pubmed/30082718,"Yoon L, Somerville LH, Kim H.",Nat Commun. 2018 Aug 6;9(1):3086. doi: 10.1038/s41467-018-05553-2.,Nat Commun.  2018,PubMed,citation,PMID:30082718 | PMCID:PMC6079030,pubmed,30082718,create date:2018/08/08 | first author:Yoon L,,,,,,
DUPLICATION WOS,,Incentives Boost Model-Based Control Across a Range of Severity on Several Psychiatric Constructs.,/pubmed/30077331,"Patzelt EH, Kool W, Millner AJ, Gershman SJ.",Biol Psychiatry. 2019 Mar 1;85(5):425-433. doi: 10.1016/j.biopsych.2018.06.018. Epub 2018 Jul 2.,Biol Psychiatry.  2019,PubMed,citation,PMID:30077331 | PMCID:PMC6314918,pubmed,30077331,create date:2018/08/06 | first author:Patzelt EH,,,,,,
DUPLICATION WOS,,Reward Learning over Weeks Versus Minutes Increases the Neural Representation of Value in the Human Brain.,/pubmed/30061189,"Wimmer GE, Li JK, Gorgolewski KJ, Poldrack RA.",J Neurosci. 2018 Aug 29;38(35):7649-7666. doi: 10.1523/JNEUROSCI.0075-18.2018. Epub 2018 Jul 30.,J Neurosci.  2018,PubMed,citation,PMID:30061189 | PMCID:PMC6113901,pubmed,30061189,create date:2018/08/01 | first author:Wimmer GE,,,,,,
0,No modelling,Unified neural structured model: A new diagnostic tool in primary care psychiatry.,/pubmed/30037595,Akaishi T.,Med Hypotheses. 2018 Sep;118:107-113. doi: 10.1016/j.mehy.2018.06.030. Epub 2018 Jun 28.,Med Hypotheses.  2018,PubMed,citation,PMID:30037595,pubmed,30037595,create date:2018/07/25 | first author:Akaishi T,,,,,,
DUPLICATION WOS,,Value generalization in human avoidance learning.,/pubmed/29735014,"Norbury A, Robbins TW, Seymour B.",Elife. 2018 May 8;7. pii: e34779. doi: 10.7554/eLife.34779.,Elife.  2018,PubMed,citation,PMID:29735014 | PMCID:PMC5957527,pubmed,29735014,create date:2018/05/08 | first author:Norbury A,,,,,,
DUPLICATION WOS,,"Anxiety, Depression, and Decision Making: A Computational Perspective.",/pubmed/29709209,"Bishop SJ, Gagne C.",Annu Rev Neurosci. 2018 Jul 8;41:371-388. doi: 10.1146/annurev-neuro-080317-062007. Epub 2018 Apr 25. Review.,Annu Rev Neurosci.  2018,PubMed,citation,PMID:29709209,pubmed,29709209,create date:2018/05/02 | first author:Bishop SJ,,,,,,
0,No clinical group,Decodability of Reward Learning Signals Predicts Mood Fluctuations.,/pubmed/29706512,"Eldar E, Roth C, Dayan P, Dolan RJ.",Curr Biol. 2018 May 7;28(9):1433-1439.e7. doi: 10.1016/j.cub.2018.03.038.,Curr Biol.  2018,PubMed,citation,PMID:29706512 | PMCID:PMC5954908,pubmed,29706512,create date:2018/05/01 | first author:Eldar E,,,,,,
DUPLICATION WOS,,Impaired reward prediction error encoding and striatal-midbrain connectivity in depression.,/pubmed/29540863,"Kumar P, Goer F, Murray L, Dillon DG, Beltzer ML, Cohen AL, Brooks NH, Pizzagalli DA.",Neuropsychopharmacology. 2018 Jun;43(7):1581-1588. doi: 10.1038/s41386-018-0032-x. Epub 2018 Feb 26.,Neuropsychopharmacology.  2018,PubMed,citation,PMID:29540863 | PMCID:PMC5983542,pubmed,29540863,create date:2018/03/16 | first author:Kumar P,,,,,,
0,Review paper,Learning and Choice in Mood Disorders: Searching for the Computational Parameters of Anhedonia.,/pubmed/29400358,"Robinson OJ, Chase HW.",Comput Psychiatr. 2017;1(1):208-233. doi: 10.1162/CPSY_a_00009. Epub 2017 Dec 29.,Comput Psychiatr.  2017,PubMed,citation,PMID:29400358 | PMCID:PMC5796642,pubmed,29400358,create date:2018/02/06 | first author:Robinson OJ,,,,,,
0,Not clinical,Pure correlates of exploration and exploitation in the human brain.,/pubmed/29218570,"Blanchard TC, Gershman SJ.",Cogn Affect Behav Neurosci. 2018 Feb;18(1):117-126. doi: 10.3758/s13415-017-0556-2.,Cogn Affect Behav Neurosci.  2018,PubMed,citation,PMID:29218570 | PMCID:PMC5825268,pubmed,29218570,create date:2017/12/09 | first author:Blanchard TC,,,,,,
0,Review paper,"What's in a word? How instructions, suggestions, and social information change pain and emotion.",/pubmed/29173508,"Koban L, Jepma M, Geuter S, Wager TD.",Neurosci Biobehav Rev. 2017 Oct;81(Pt A):29-42. doi: 10.1016/j.neubiorev.2017.02.014. Review.,Neurosci Biobehav Rev.  2017,PubMed,citation,PMID:29173508 | PMCID:PMC5706563,pubmed,29173508,create date:2017/11/28 | first author:Koban L,,,,,,
DUPLICATION WOS,,A common neural network differentially mediates direct and social fear learning.,/pubmed/29170069,"Lindström B, Haaker J, Olsson A.",Neuroimage. 2018 Feb 15;167:121-129. doi: 10.1016/j.neuroimage.2017.11.039. Epub 2017 Nov 21.,Neuroimage.  2018,PubMed,citation,PMID:29170069,pubmed,29170069,create date:2017/11/25 | first author:Lindström B,,,,,,
0,Not clinical,Affective bias as a rational response to the statistics of rewards and punishments.,/pubmed/28976304,"Pulcu E, Browning M.",Elife. 2017 Oct 4;6. pii: e27879. doi: 10.7554/eLife.27879. Erratum in: Elife. 2017 Oct 19;6:. ,Elife.  2017,PubMed,citation,PMID:28976304 | PMCID:PMC5633345,pubmed,28976304,create date:2017/10/05 | first author:Pulcu E,,,,,,
DUPLICATION WOS,,Stress attenuates the flexible updating of aversive value.,/pubmed/28973957,"Raio CM, Hartley CA, Orederu TA, Li J, Phelps EA.",Proc Natl Acad Sci U S A. 2017 Oct 17;114(42):11241-11246. doi: 10.1073/pnas.1702565114. Epub 2017 Oct 2.,Proc Natl Acad Sci U S A.  2017,PubMed,citation,PMID:28973957 | PMCID:PMC5651737,pubmed,28973957,create date:2017/10/05 | first author:Raio CM,,,,,,
DUPLICATION WOS,,Understanding psychiatric disorder by capturing ecologically relevant features of learning and decision-making.,/pubmed/28966147,"Scholl J, Klein-Flügge M.",Behav Brain Res. 2018 Dec 14;355:56-75. doi: 10.1016/j.bbr.2017.09.050. Epub 2017 Sep 28. Review.,Behav Brain Res.  2018,PubMed,citation,PMID:28966147 | PMCID:PMC6152580,pubmed,28966147,create date:2017/10/03 | first author:Scholl J,,,,,,
0,Theoretical computational model,Affective-associative two-process theory: a neurocomputational account of partial reinforcement extinction effects.,/pubmed/28913644,"Lowe R, Almér A, Billing E, Sandamirskaya Y, Balkenius C.",Biol Cybern. 2017 Dec;111(5-6):365-388. doi: 10.1007/s00422-017-0730-1. Epub 2017 Sep 14.,Biol Cybern.  2017,PubMed,citation,PMID:28913644 | PMCID:PMC5688222,pubmed,28913644,create date:2017/09/16 | first author:Lowe R,,,,,,
DUPLICATION WOS,,Disrupted avoidance learning in functional neurological disorder: Implications for harm avoidance theories.,/pubmed/28856091,"Morris LS, To B, Baek K, Chang-Webb YC, Mitchell S, Strelchuk D, Mikheenko Y, Phillips W, Zandi M, Jenaway A, Walsh C, Voon V.",Neuroimage Clin. 2017 Aug 8;16:286-294. doi: 10.1016/j.nicl.2017.08.007. eCollection 2017.,Neuroimage Clin.  2017,PubMed,citation,PMID:28856091 | PMCID:PMC5562176,pubmed,28856091,create date:2017/09/01 | first author:Morris LS,,,,,,
DUPLICATION WOS,,Computational Dysfunctions in Anxiety: Failure to Differentiate Signal From Noise.,/pubmed/28838468,"Huang H, Thompson W, Paulus MP.",Biol Psychiatry. 2017 Sep 15;82(6):440-446. doi: 10.1016/j.biopsych.2017.07.007. Epub 2017 Jul 21.,Biol Psychiatry.  2017,PubMed,citation,PMID:28838468 | PMCID:PMC5576575,pubmed,28838468,create date:2017/08/26 | first author:Huang H,,,,,,
DUPLICATION WOS,,Stuttering Thoughts: Negative Self-Referent Thinking Is Less Sensitive to Aversive Outcomes in People with Higher Levels of Depressive Symptoms.,/pubmed/28824511,"Iijima Y, Takano K, Boddez Y, Raes F, Tanno Y.",Front Psychol. 2017 Aug 2;8:1333. doi: 10.3389/fpsyg.2017.01333. eCollection 2017.,Front Psychol.  2017,PubMed,citation,PMID:28824511 | PMCID:PMC5539182,pubmed,28824511,create date:2017/08/22 | first author:Iijima Y,,,,,,
DUPLICATION WOS,,Association of Neural and Emotional Impacts of Reward Prediction Errors With Major Depression.,/pubmed/28678984,"Rutledge RB, Moutoussis M, Smittenaar P, Zeidman P, Taylor T, Hrynkiewicz L, Lam J, Skandali N, Siegel JZ, Ousdal OT, Prabhu G, Dayan P, Fonagy P, Dolan RJ.",JAMA Psychiatry. 2017 Aug 1;74(8):790-797. doi: 10.1001/jamapsychiatry.2017.1713.,JAMA Psychiatry.  2017,PubMed,citation,PMID:28678984 | PMCID:PMC5710549,pubmed,28678984,create date:2017/07/06 | first author:Rutledge RB,,,,,,
DUPLICATION WOS,,Association between habenula dysfunction and motivational symptoms in unmedicated major depressive disorder.,/pubmed/28575424,"Liu WH, Valton V, Wang LZ, Zhu YH, Roiser JP.",Soc Cogn Affect Neurosci. 2017 Sep 1;12(9):1520-1533. doi: 10.1093/scan/nsx074.,Soc Cogn Affect Neurosci.  2017,PubMed,citation,PMID:28575424 | PMCID:PMC5629818,pubmed,28575424,create date:2017/06/03 | first author:Liu WH,,,,,,
0,Not clinical,A simple computational algorithm of model-based choice preference.,/pubmed/28573384,"Toyama A, Katahira K, Ohira H.",Cogn Affect Behav Neurosci. 2017 Aug;17(4):764-783. doi: 10.3758/s13415-017-0511-2.,Cogn Affect Behav Neurosci.  2017,PubMed,citation,PMID:28573384,pubmed,28573384,create date:2017/06/03 | first author:Toyama A,,,,,,
DUPLICATION WOS,,Misfortune may be a blessing in disguise: Fairness perception and emotion modulate decision making.,/pubmed/28421669,"Liu HH, Hwang YD, Hsieh MH, Hsu YF, Lai WS.",Psychophysiology. 2017 Aug;54(8):1163-1179. doi: 10.1111/psyp.12870. Epub 2017 Apr 19.,Psychophysiology.  2017,PubMed,citation,PMID:28421669,pubmed,28421669,create date:2017/04/20 | first author:Liu HH,,,,,,
DUPLICATION WOS,,Modeling Avoidance in Mood and Anxiety Disorders Using Reinforcement Learning.,/pubmed/28343697,"Mkrtchian A, Aylward J, Dayan P, Roiser JP, Robinson OJ.",Biol Psychiatry. 2017 Oct 1;82(7):532-539. doi: 10.1016/j.biopsych.2017.01.017. Epub 2017 Feb 8.,Biol Psychiatry.  2017,PubMed,citation,PMID:28343697 | PMCID:PMC5598542,pubmed,28343697,create date:2017/03/28 | first author:Mkrtchian A,,,,,,
0,Review paper,The rat-a-gorical imperative: Moral intuition and the limits of affective learning.,/pubmed/28343626,Greene JD.,Cognition. 2017 Oct;167:66-77. doi: 10.1016/j.cognition.2017.03.004. Epub 2017 Mar 23.,Cognition.  2017,PubMed,citation,PMID:28343626,pubmed,28343626,create date:2017/03/28 | first author:Greene JD,,,,,,
DUPLICATION WOS,,Neural mechanisms of reinforcement learning in unmedicated patients with major depressive disorder.,/pubmed/28334960,"Rothkirch M, Tonn J, Köhler S, Sterzer P.",Brain. 2017 Apr 1;140(4):1147-1157. doi: 10.1093/brain/awx025.,Brain.  2017,PubMed,citation,PMID:28334960,pubmed,28334960,create date:2017/03/24 | first author:Rothkirch M,,,,,,
DUPLICATION WOS,,"Reward Processing, Neuroeconomics, and Psychopathology.",/pubmed/28301764,"Zald DH, Treadway MT.",Annu Rev Clin Psychol. 2017 May 8;13:471-495. doi: 10.1146/annurev-clinpsy-032816-044957. Epub 2017 Mar 15. Review.,Annu Rev Clin Psychol.  2017,PubMed,citation,PMID:28301764 | PMCID:PMC5958615,pubmed,28301764,create date:2017/03/17 | first author:Zald DH,,,,,,
DUPLICATION WOS,,Classification techniques on computerized systems to predict and/or to detect Apnea: A systematic review.,/pubmed/28254083,"Pombo N, Garcia N, Bousson K.",Comput Methods Programs Biomed. 2017 Mar;140:265-274. doi: 10.1016/j.cmpb.2017.01.001. Epub 2017 Jan 5. Review.,Comput Methods Programs Biomed.  2017,PubMed,citation,PMID:28254083,pubmed,28254083,create date:2017/03/04 | first author:Pombo N,,,,,,
0,About environment,Strategies for sustainable management of renewable resources during environmental change.,/pubmed/28250187,"Lindkvist E, Ekeberg Ö, Norberg J.",Proc Biol Sci. 2017 Mar 15;284(1850). pii: 20162762. doi: 10.1098/rspb.2016.2762.,Proc Biol Sci.  2017,PubMed,citation,PMID:28250187 | PMCID:PMC5360927,pubmed,28250187,create date:2017/03/03 | first author:Lindkvist E,,,,,,
0,Not clinical,Decoded fMRI neurofeedback can induce bidirectional confidence changes within single participants.,/pubmed/28163140,"Cortese A, Amano K, Koizumi A, Lau H, Kawato M.",Neuroimage. 2017 Apr 1;149:323-337. doi: 10.1016/j.neuroimage.2017.01.069. Epub 2017 Feb 3.,Neuroimage.  2017,PubMed,citation,PMID:28163140 | PMCID:PMC5755700,pubmed,28163140,create date:2017/02/07 | first author:Cortese A,,,,,,
0,Not clinical,Electrophysiological correlates reflect the integration of model-based and model-free decision information.,/pubmed/28050805,"Eppinger B, Walter M, Li SC.",Cogn Affect Behav Neurosci. 2017 Apr;17(2):406-421. doi: 10.3758/s13415-016-0487-3.,Cogn Affect Behav Neurosci.  2017,PubMed,citation,PMID:28050805,pubmed,28050805,create date:2017/01/05 | first author:Eppinger B,,,,,,
0,Neurons/circuits,The Role of Multiple Neuromodulators in Reinforcement Learning That Is Based on Competition between Eligibility Traces.,/pubmed/28018206,"Huertas MA, Schwettmann SE, Shouval HZ.",Front Synaptic Neurosci. 2016 Dec 15;8:37. doi: 10.3389/fnsyn.2016.00037. eCollection 2016.,Front Synaptic Neurosci.  2016,PubMed,citation,PMID:28018206 | PMCID:PMC5156839,pubmed,28018206,create date:2016/12/27 | first author:Huertas MA,,,,,,
0,Conduct problems,Neural correlates of affective empathy and reinforcement learning in boys with conduct problems: fMRI evidence from a gambling task.,/pubmed/27888020,"Schwenck C, Ciaramidaro A, Selivanova M, Tournay J, Freitag CM, Siniatchkin M.",Behav Brain Res. 2017 Mar 1;320:75-84. doi: 10.1016/j.bbr.2016.11.037. Epub 2016 Nov 22.,Behav Brain Res.  2017,PubMed,citation,PMID:27888020,pubmed,27888020,create date:2016/11/27 | first author:Schwenck C,,,,,,
DUPLICATION WOS,,The cognitive architecture of anxiety-like behavioral inhibition.,/pubmed/27797550,Bach DR.,J Exp Psychol Hum Percept Perform. 2017 Jan;43(1):18-29. doi: 10.1037/xhp0000282. Epub 2016 Oct 31.,J Exp Psychol Hum Percept Perform.  2017,PubMed,citation,PMID:27797550 | PMCID:PMC5178866,pubmed,27797550,create date:2016/11/01 | first author:Bach DR,,,,,,
DUPLICATION WOS,,Spared internal but impaired external reward prediction error signals in major depressive disorder during reinforcement learning.,/pubmed/27781362,"Bakic J, Pourtois G, Jepma M, Duprat R, De Raedt R, Baeken C.",Depress Anxiety. 2017 Jan;34(1):89-96. doi: 10.1002/da.22576. Epub 2016 Oct 26.,Depress Anxiety.  2017,PubMed,citation,PMID:27781362,pubmed,27781362,create date:2016/10/27 | first author:Bakic J,,,,,,
0,About radios,A Novel Dynamic Spectrum Access Framework Based on Reinforcement Learning for Cognitive Radio Sensor Networks.,/pubmed/27754316,"Lin Y, Wang C, Wang J, Dou Z.",Sensors (Basel). 2016 Oct 12;16(10). pii: E1675.,Sensors (Basel).  2016,PubMed,citation,PMID:27754316 | PMCID:PMC5087463,pubmed,27754316,create date:2016/10/19 | first author:Lin Y,,,,,,
0,Review paper,Moral Learning: Conceptual foundations and normative relevance.,/pubmed/27601269,Railton P.,Cognition. 2017 Oct;167:172-190. doi: 10.1016/j.cognition.2016.08.015. Epub 2016 Sep 3.,Cognition.  2017,PubMed,citation,PMID:27601269,pubmed,27601269,create date:2016/09/08 | first author:Railton P,,,,,,
0,Not clinical,Neurocomputational mechanisms of prosocial learning and links to empathy.,/pubmed/27528669,"Lockwood PL, Apps MA, Valton V, Viding E, Roiser JP.",Proc Natl Acad Sci U S A. 2016 Aug 30;113(35):9763-8. doi: 10.1073/pnas.1603198113. Epub 2016 Aug 15.,Proc Natl Acad Sci U S A.  2016,PubMed,citation,PMID:27528669 | PMCID:PMC5024617,pubmed,27528669,create date:2016/08/17 | first author:Lockwood PL,,,,,,
0,Not clinical,Reinforcement Learning Explains Conditional Cooperation and Its Moody Cousin.,/pubmed/27438888,"Ezaki T, Horita Y, Takezawa M, Masuda N.",PLoS Comput Biol. 2016 Jul 20;12(7):e1005034. doi: 10.1371/journal.pcbi.1005034. eCollection 2016 Jul.,PLoS Comput Biol.  2016,PubMed,citation,PMID:27438888 | PMCID:PMC4954710,pubmed,27438888,create date:2016/07/22 | first author:Ezaki T,,,,,,
DUPLICATION WOS,,Rats bred for helplessness exhibit positive reinforcement learning deficits which are not alleviated by an antidepressant dose of the MAO-B inhibitor deprenyl.,/pubmed/27163379,"Schulz D, Henn FA, Petri D, Huston JP.",Neuroscience. 2016 Aug 4;329:83-92. doi: 10.1016/j.neuroscience.2016.04.049. Epub 2016 May 6.,Neuroscience.  2016,PubMed,citation,PMID:27163379,pubmed,27163379,create date:2016/05/11 | first author:Schulz D,,,,,,
DUPLICATION WOS,,Dimensional psychiatry: mental disorders as dysfunctions of basic learning mechanisms.,/pubmed/27145766,"Heinz A, Schlagenhauf F, Beck A, Wackerhagen C.",J Neural Transm (Vienna). 2016 Aug;123(8):809-21. doi: 10.1007/s00702-016-1561-2. Epub 2016 May 4. Review.,J Neural Transm (Vienna).  2016,PubMed,citation,PMID:27145766,pubmed,27145766,create date:2016/05/06 | first author:Heinz A,,,,,,
0,In schizophrenia,Reduction of Pavlovian Bias in Schizophrenia: Enhanced Effects in Clozapine-Administered Patients.,/pubmed/27044008,"Albrecht MA, Waltz JA, Cavanagh JF, Frank MJ, Gold JM.",PLoS One. 2016 Apr 4;11(4):e0152781. doi: 10.1371/journal.pone.0152781. eCollection 2016.,PLoS One.  2016,PubMed,citation,PMID:27044008 | PMCID:PMC4833478,pubmed,27044008,create date:2016/04/05 | first author:Albrecht MA,,,,,,
DUPLICATION WOS,,The personality trait of behavioral inhibition modulates perceptions of moral character and performance during the trust game: behavioral results and computational modeling.,/pubmed/27004148,"Radell ML, Sanchez R, Weinflash N, Myers CE.",PeerJ. 2016 Feb 8;4:e1631. doi: 10.7717/peerj.1631. eCollection 2016.,PeerJ.  2016,PubMed,citation,PMID:27004148 | PMCID:PMC4800786,pubmed,27004148,create date:2016/03/24 | first author:Radell ML,,,,,,
DUPLICATION WOS,,"Annual Research Review: Transdiagnostic neuroscience of child and adolescent mental disorders--differentiating decision making in attention-deficit/hyperactivity disorder, conduct disorder, depression, and anxiety.",/pubmed/26705858,"Sonuga-Barke EJ, Cortese S, Fairchild G, Stringaris A.",J Child Psychol Psychiatry. 2016 Mar;57(3):321-49. doi: 10.1111/jcpp.12496. Epub 2015 Dec 26. Review.,J Child Psychol Psychiatry.  2016,PubMed,citation,PMID:26705858 | PMCID:PMC4762324,pubmed,26705858,create date:2015/12/27 | first author:Sonuga-Barke EJ,,,,,,
DUPLICATION WOS,,What is in the feedback? Effect of induced happiness vs. sadness on probabilistic learning with vs. without exploration.,/pubmed/26578929,"Bakic J, De Raedt R, Jepma M, Pourtois G.",Front Hum Neurosci. 2015 Oct 29;9:584. doi: 10.3389/fnhum.2015.00584. eCollection 2015.,Front Hum Neurosci.  2015,PubMed,citation,PMID:26578929 | PMCID:PMC4624841,pubmed,26578929,create date:2015/11/19 | first author:Bakic J,,,,,,
DUPLICATION WOS,,Mood as Representation of Momentum.,/pubmed/26545853,"Eldar E, Rutledge RB, Dolan RJ, Niv Y.",Trends Cogn Sci. 2016 Jan;20(1):15-24. doi: 10.1016/j.tics.2015.07.010. Epub 2015 Nov 3. Review.,Trends Cogn Sci.  2016,PubMed,citation,PMID:26545853 | PMCID:PMC4703769,pubmed,26545853,create date:2015/11/08 | first author:Eldar E,,,,,,
DUPLICATION WOS,,Punishment and psychopathy: a case-control functional MRI investigation of reinforcement learning in violent antisocial personality disordered men.,/pubmed/26359751,"Gregory S, Blair RJ, Ffytche D, Simmons A, Kumari V, Hodgins S, Blackwood N.",Lancet Psychiatry. 2015 Feb;2(2):153-60. doi: 10.1016/S2215-0366(14)00071-6. Epub 2015 Jan 28.,Lancet Psychiatry.  2015,PubMed,citation,PMID:26359751,pubmed,26359751,create date:2015/09/12 | first author:Gregory S,,,,,,
DUPLICATION WOS,,Computational Psychiatry: towards a mathematically informed understanding of mental illness.,/pubmed/26157034,"Adams RA, Huys QJ, Roiser JP.",J Neurol Neurosurg Psychiatry. 2016 Jan;87(1):53-63. doi: 10.1136/jnnp-2015-310737. Epub 2015 Jul 8. Review.,J Neurol Neurosurg Psychiatry.  2016,PubMed,citation,PMID:26157034 | PMCID:PMC4717449,pubmed,26157034,create date:2015/07/15 | first author:Adams RA,,,,,,
DUPLICATION WOS,,Failure of hippocampal deactivation during loss events in treatment-resistant depression.,/pubmed/26133661,"Johnston BA, Tolomeo S, Gradin V, Christmas D, Matthews K, Steele JD.",Brain. 2015 Sep;138(Pt 9):2766-76. doi: 10.1093/brain/awv177. Epub 2015 Jun 30.,Brain.  2015,PubMed,citation,PMID:26133661,pubmed,26133661,create date:2015/07/03 | first author:Johnston BA,,,,,,
DUPLICATION WOS,,Neural Correlates of Three Promising Endophenotypes of Depression: Evidence from the EMBARC Study.,/pubmed/26068725,"Webb CA, Dillon DG, Pechtel P, Goer FK, Murray L, Huys QJ, Fava M, McGrath PJ, Weissman M, Parsey R, Kurian BT, Adams P, Weyandt S, Trombello JM, Grannemann B, Cooper CM, Deldin P, Tenke C, Trivedi M, Bruder G, Pizzagalli DA.",Neuropsychopharmacology. 2016 Jan;41(2):454-63. doi: 10.1038/npp.2015.165. Epub 2015 Jun 12.,Neuropsychopharmacology.  2016,PubMed,citation,PMID:26068725 | PMCID:PMC5130121,pubmed,26068725,create date:2015/06/13 | first author:Webb CA,,,,,,
DUPLICATION WOS,,Reinforcement learning in depression: A review of computational research.,/pubmed/25979140,"Chen C, Takahashi T, Nakagawa S, Inoue T, Kusumi I.",Neurosci Biobehav Rev. 2015 Aug;55:247-67. doi: 10.1016/j.neubiorev.2015.05.005. Epub 2015 May 12. Review.,Neurosci Biobehav Rev.  2015,PubMed,citation,PMID:25979140,pubmed,25979140,create date:2015/05/17 | first author:Chen C,,,,,,
0,Not clinical,Learning the opportunity cost of time in a patch-foraging task.,/pubmed/25917000,"Constantino SM, Daw ND.",Cogn Affect Behav Neurosci. 2015 Dec;15(4):837-53. doi: 10.3758/s13415-015-0350-y.,Cogn Affect Behav Neurosci.  2015,PubMed,citation,PMID:25917000 | PMCID:PMC4624618,pubmed,25917000,create date:2015/04/29 | first author:Constantino SM,,,,,,
0,In macaques,"Injection of a dopamine type 2 receptor antagonist into the dorsal striatum disrupts choices driven by previous outcomes, but not perceptual inference.",/pubmed/25904783,"Lee E, Seo M, Dal Monte O, Averbeck BB.",J Neurosci. 2015 Apr 22;35(16):6298-306. doi: 10.1523/JNEUROSCI.4561-14.2015.,J Neurosci.  2015,PubMed,citation,PMID:25904783 | PMCID:PMC4405551,pubmed,25904783,create date:2015/04/24 | first author:Lee E,,,,,,
DUPLICATION WOS,,Depression: a decision-theoretic analysis.,/pubmed/25705929,"Huys QJ, Daw ND, Dayan P.",Annu Rev Neurosci. 2015 Jul 8;38:1-23. doi: 10.1146/annurev-neuro-071714-033928. Epub 2015 Feb 11. Review.,Annu Rev Neurosci.  2015,PubMed,citation,PMID:25705929,pubmed,25705929,create date:2015/02/24 | first author:Huys QJ,,,,,,
DUPLICATION WOS,,Reinforcement learning models and their neural correlates: An activation likelihood estimation meta-analysis.,/pubmed/25665667,"Chase HW, Kumar P, Eickhoff SB, Dombrovski AY.",Cogn Affect Behav Neurosci. 2015 Jun;15(2):435-59. doi: 10.3758/s13415-015-0338-7. Review.,Cogn Affect Behav Neurosci.  2015,PubMed,citation,PMID:25665667 | PMCID:PMC4437864,pubmed,25665667,create date:2015/02/11 | first author:Chase HW,,,,,,
DUPLICATION WOS,,Testing the role of reward and punishment sensitivity in avoidance behavior: a computational modeling approach.,/pubmed/25639540,"Sheynin J, Moustafa AA, Beck KD, Servatius RJ, Myers CE.",Behav Brain Res. 2015 Apr 15;283:121-38. doi: 10.1016/j.bbr.2015.01.033. Epub 2015 Jan 29.,Behav Brain Res.  2015,PubMed,citation,PMID:25639540 | PMCID:PMC4351139,pubmed,25639540,create date:2015/02/03 | first author:Sheynin J,,,,,,
DUPLICATION WOS,,Corticostriatothalamic reward prediction error signals and executive control in late-life depression.,/pubmed/25319564,"Dombrovski AY, Szanto K, Clark L, Aizenstein HJ, Chase HW, Reynolds CF 3rd, Siegle GJ.",Psychol Med. 2015 May;45(7):1413-24. doi: 10.1017/S0033291714002517. Epub 2014 Oct 16.,Psychol Med.  2015,PubMed,citation,PMID:25319564 | PMCID:PMC4380546,pubmed,25319564,create date:2014/10/17 | first author:Dombrovski AY,,,,,,
0,Computational only,Clipping in neurocontrol by adaptive dynamic programming.,/pubmed/25291742,"Fairbank M, Prokhorov D, Alonso E.",IEEE Trans Neural Netw Learn Syst. 2014 Oct;25(10):1909-20. doi: 10.1109/TNNLS.2014.2297991.,IEEE Trans Neural Netw Learn Syst.  2014,PubMed,citation,PMID:25291742,pubmed,25291742,create date:2014/10/08 | first author:Fairbank M,,,,,,
0,In rats,"Absence of ""Warm-Up"" during Active Avoidance Learning in a Rat Model of Anxiety Vulnerability: Insights from Computational Modeling.",/pubmed/25183956,"Myers CE, Smith IM, Servatius RJ, Beck KD.",Front Behav Neurosci. 2014 Aug 18;8:283. doi: 10.3389/fnbeh.2014.00283. eCollection 2014.,Front Behav Neurosci.  2014,PubMed,citation,PMID:25183956 | PMCID:PMC4135546,pubmed,25183956,create date:2014/09/04 | first author:Myers CE,,,,,,
0,In education,Inferring learners' knowledge from their actions.,/pubmed/25155381,"Rafferty AN, LaMar MM, Griffiths TL.",Cogn Sci. 2015 Apr;39(3):584-618. doi: 10.1111/cogs.12157. Epub 2014 Aug 25.,Cogn Sci.  2015,PubMed,citation,PMID:25155381,pubmed,25155381,create date:2014/08/27 | first author:Rafferty AN,,,,,,
DUPLICATION WOS,,Effects of emotion on prospection during decision-making.,/pubmed/25002854,"Worthy DA, Byrne KA, Fields S.",Front Psychol. 2014 Jun 23;5:591. doi: 10.3389/fpsyg.2014.00591. eCollection 2014.,Front Psychol.  2014,PubMed,citation,PMID:25002854 | PMCID:PMC4066203,pubmed,25002854,create date:2014/07/09 | first author:Worthy DA,,,,,,
0,Older and younger adults,State-based versus reward-based motivation in younger and older adults.,/pubmed/24845527,"Worthy DA, Cooper JA, Byrne KA, Gorlick MA, Maddox WT.",Cogn Affect Behav Neurosci. 2014 Dec;14(4):1208-20. doi: 10.3758/s13415-014-0293-8.,Cogn Affect Behav Neurosci.  2014,PubMed,citation,PMID:24845527 | PMCID:PMC4221294,pubmed,24845527,create date:2014/05/23 | first author:Worthy DA,,,,,,
DUPLICATION WOS,,Internally- and externally-driven network transitions as a basis for automatic and strategic processes in semantic priming: theory and experimental validation.,/pubmed/24795670,"Lerner I, Shriki O.",Front Psychol. 2014 Apr 16;5:314. doi: 10.3389/fpsyg.2014.00314. eCollection 2014.,Front Psychol.  2014,PubMed,citation,PMID:24795670 | PMCID:PMC3997026,pubmed,24795670,create date:2014/05/06 | first author:Lerner I,,,,,,
0,About saccade learning,Saccade learning with concurrent cortical and subcortical basal ganglia loops.,/pubmed/24795615,"N'guyen S, Thurat C, Girard B.",Front Comput Neurosci. 2014 Apr 23;8:48. doi: 10.3389/fncom.2014.00048. eCollection 2014.,Front Comput Neurosci.  2014,PubMed,citation,PMID:24795615 | PMCID:PMC4005946,pubmed,24795615,create date:2014/05/06 | first author:N'guyen S,,,,,,
0,Computational only,The role of intrinsic motivations in attention allocation and shifting.,/pubmed/24744746,"Di Nocera D, Finzi A, Rossi S, Staffa M.",Front Psychol. 2014 Apr 1;5:273. doi: 10.3389/fpsyg.2014.00273. eCollection 2014.,Front Psychol.  2014,PubMed,citation,PMID:24744746 | PMCID:PMC3978295,pubmed,24744746,create date:2014/04/20 | first author:Di Nocera D,,,,,,
DUPLICATION WOS,,Operant conditioning of synaptic and spiking activity patterns in single hippocampal neurons.,/pubmed/24695722,"Ishikawa D, Matsumoto N, Sakaguchi T, Matsuki N, Ikegaya Y.",J Neurosci. 2014 Apr 2;34(14):5044-53. doi: 10.1523/JNEUROSCI.5298-13.2014.,J Neurosci.  2014,PubMed,citation,PMID:24695722 | PMCID:PMC6802715,pubmed,24695722,create date:2014/04/04 | first author:Ishikawa D,,,,,,
0,In robots,Keep focussing: striatal dopamine multiple functions resolved in a single mechanism tested in a simulated humanoid robot.,/pubmed/24600422,"Fiore VG, Sperati V, Mannella F, Mirolli M, Gurney K, Friston K, Dolan RJ, Baldassarre G.",Front Psychol. 2014 Feb 21;5:124. doi: 10.3389/fpsyg.2014.00124. eCollection 2014.,Front Psychol.  2014,PubMed,citation,PMID:24600422 | PMCID:PMC3930917,pubmed,24600422,create date:2014/03/07 | first author:Fiore VG,,,,,,
DUPLICATION WOS,,Differential cortical activation of the striatal direct and indirect pathway cells: reconciling the anatomical and optogenetic results by using a computational method.,/pubmed/24598515,Morita K.,J Neurophysiol. 2014 Jul 1;112(1):120-46. doi: 10.1152/jn.00625.2013. Epub 2014 Mar 5.,J Neurophysiol.  2014,PubMed,citation,PMID:24598515,pubmed,24598515,create date:2014/03/07 | first author:Morita K,,,,,,
0,About traffic lights,A Sarsa(λ)-based control model for real-time traffic light coordination.,/pubmed/24592183,"Zhou X, Zhu F, Liu Q, Fu Y, Huang W.",ScientificWorldJournal. 2014 Jan 23;2014:759097. doi: 10.1155/2014/759097. eCollection 2014.,ScientificWorldJournal.  2014,PubMed,citation,PMID:24592183 | PMCID:PMC3922017,pubmed,24592183,create date:2014/03/05 | first author:Zhou X,,,,,,
0,In schizophrenia,Reduced susceptibility to confirmation bias in schizophrenia.,/pubmed/24481852,"Doll BB, Waltz JA, Cockburn J, Brown JK, Frank MJ, Gold JM.",Cogn Affect Behav Neurosci. 2014 Jun;14(2):715-28. doi: 10.3758/s13415-014-0250-6.,Cogn Affect Behav Neurosci.  2014,PubMed,citation,PMID:24481852 | PMCID:PMC4074440,pubmed,24481852,create date:2014/02/01 | first author:Doll BB,,,,,,
DUPLICATION WOS,,Transcranial direct current stimulation of right dorsolateral prefrontal cortex does not affect model-based or model-free reinforcement learning in humans.,/pubmed/24475185,"Smittenaar P, Prichard G, FitzGerald TH, Diedrichsen J, Dolan RJ.",PLoS One. 2014 Jan 24;9(1):e86850. doi: 10.1371/journal.pone.0086850. eCollection 2014.,PLoS One.  2014,PubMed,citation,PMID:24475185 | PMCID:PMC3901733,pubmed,24475185,create date:2014/01/30 | first author:Smittenaar P,,,,,,
DUPLICATION WOS,,Negative learning bias is associated with risk aversion in a genetic animal model of depression.,/pubmed/24474914,"Shabel SJ, Murphy RT, Malinow R.",Front Hum Neurosci. 2014 Jan 16;8:1. doi: 10.3389/fnhum.2014.00001. eCollection 2014.,Front Hum Neurosci.  2014,PubMed,citation,PMID:24474914 | PMCID:PMC3893716,pubmed,24474914,create date:2014/01/30 | first author:Shabel SJ,,,,,,
DUPLICATION WOS,,"Depression, stress, and anhedonia: toward a synthesis and integrated model.",/pubmed/24471371,Pizzagalli DA.,Annu Rev Clin Psychol. 2014;10:393-423. doi: 10.1146/annurev-clinpsy-050212-185606. Review.,Annu Rev Clin Psychol.  2014,PubMed,citation,PMID:24471371 | PMCID:PMC3972338,pubmed,24471371,create date:2014/01/30 | first author:Pizzagalli DA,,,,,,
0,Not clinical,Racial bias shapes social reinforcement learning.,/pubmed/24458270,"Lindström B, Selbing I, Molapour T, Olsson A.",Psychol Sci. 2014 Mar;25(3):711-9. doi: 10.1177/0956797613514093. Epub 2014 Jan 23.,Psychol Sci.  2014,PubMed,citation,PMID:24458270,pubmed,24458270,create date:2014/01/25 | first author:Lindström B,,,,,,
DUPLICATION WOS,,Psychopathy-related traits and the use of reward and social information: a computational approach.,/pubmed/24391615,"Brazil IA, Hunt LT, Bulten BH, Kessels RP, de Bruijn ER, Mars RB.",Front Psychol. 2013 Dec 19;4:952. doi: 10.3389/fpsyg.2013.00952. eCollection 2013.,Front Psychol.  2013,PubMed,citation,PMID:24391615 | PMCID:PMC3868018,pubmed,24391615,create date:2014/01/07 | first author:Brazil IA,,,,,,
0,Not clinical,Self-regulation of the anterior insula: Reinforcement learning using real-time fMRI neurofeedback.,/pubmed/24231399,"Lawrence EJ, Su L, Barker GJ, Medford N, Dalton J, Williams SC, Birbaumer N, Veit R, Ranganatha S, Bodurka J, Brammer M, Giampietro V, David AS.",Neuroimage. 2014 Mar;88:113-24. doi: 10.1016/j.neuroimage.2013.10.069. Epub 2013 Nov 11.,Neuroimage.  2014,PubMed,citation,PMID:24231399,pubmed,24231399,create date:2013/11/16 | first author:Lawrence EJ,,,,,,
0,Not clinical,"Feedback-related negativity codes outcome valence, but not outcome expectancy, during reversal learning.",/pubmed/24146314,"von Borries AK, Verkes RJ, Bulten BH, Cools R, de Bruijn ER.",Cogn Affect Behav Neurosci. 2013 Dec;13(4):737-46. doi: 10.3758/s13415-013-0150-1.,Cogn Affect Behav Neurosci.  2013,PubMed,citation,PMID:24146314,pubmed,24146314,create date:2013/10/23 | first author:von Borries AK,,,,,,
0,Neurons/circuits,A model-based prediction of the calcium responses in the striatal synaptic spines depending on the timing of cortical and dopaminergic inputs and post-synaptic spikes.,/pubmed/24062681,"Nakano T, Yoshimoto J, Doya K.",Front Comput Neurosci. 2013 Sep 13;7:119. doi: 10.3389/fncom.2013.00119. eCollection 2013.,Front Comput Neurosci.  2013,PubMed,citation,PMID:24062681 | PMCID:PMC3772324,pubmed,24062681,create date:2013/09/26 | first author:Nakano T,,,,,,
DUPLICATION WOS,,The influence of depression symptoms on exploratory decision-making.,/pubmed/24055832,"Blanco NJ, Otto AR, Maddox WT, Beevers CG, Love BC.",Cognition. 2013 Dec;129(3):563-8. doi: 10.1016/j.cognition.2013.08.018. Epub 2013 Sep 17.,Cognition.  2013,PubMed,citation,PMID:24055832 | PMCID:PMC3809321,pubmed,24055832,create date:2013/09/24 | first author:Blanco NJ,,,,,,
0,Not clinical,Computational heterogeneity in the human mesencephalic dopamine system.,/pubmed/23943512,"D'Ardenne K, Lohrenz T, Bartley KA, Montague PR.",Cogn Affect Behav Neurosci. 2013 Dec;13(4):747-56. doi: 10.3758/s13415-013-0191-5.,Cogn Affect Behav Neurosci.  2013,PubMed,citation,PMID:23943512 | PMCID:PMC3889258,pubmed,23943512,create date:2013/08/15 | first author:D'Ardenne K,,,,,,
0,No means and SDs,Mapping anhedonia onto reinforcement learning: a behavioural meta-analysis.,/pubmed/23782813,"Huys QJ, Pizzagalli DA, Bogdan R, Dayan P.",Biol Mood Anxiety Disord. 2013 Jun 19;3(1):12. doi: 10.1186/2045-5380-3-12.,Biol Mood Anxiety Disord.  2013,PubMed,citation,PMID:23782813 | PMCID:PMC3701611,pubmed,23782813,create date:2013/06/21 | first author:Huys QJ,,,,,,
0,In Parkinson's,Hemispheric dissociation of reward processing in humans: insights from deep brain stimulation.,/pubmed/23643244,"Palminteri S, Serra G, Buot A, Schmidt L, Welter ML, Pessiglione M.",Cortex. 2013 Nov-Dec;49(10):2834-44. doi: 10.1016/j.cortex.2013.02.014. Epub 2013 Mar 29.,Cortex.  2013,PubMed,citation,PMID:23643244,pubmed,23643244,create date:2013/05/07 | first author:Palminteri S,,,,,,
DUPLICATION WOS,,Signaling pathways involved in striatal synaptic plasticity are sensitive to temporal pattern and exhibit spatial specificity.,/pubmed/23516346,"Kim B, Hawes SL, Gillani F, Wallace LJ, Blackwell KT.",PLoS Comput Biol. 2013;9(3):e1002953. doi: 10.1371/journal.pcbi.1002953. Epub 2013 Mar 14.,PLoS Comput Biol.  2013,PubMed,citation,PMID:23516346 | PMCID:PMC3597530,pubmed,23516346,create date:2013/03/22 | first author:Kim B,,,,,,
0,Neurons/circuits,Medial prefrontal cortex and the adaptive regulation of reinforcement learning parameters.,/pubmed/23317844,"Khamassi M, Enel P, Dominey PF, Procyk E.",Prog Brain Res. 2013;202:441-64. doi: 10.1016/B978-0-444-62604-2.00022-8.,Prog Brain Res.  2013,PubMed,citation,PMID:23317844,pubmed,23317844,create date:2013/01/16 | first author:Khamassi M,,,,,,
0,Not clinical,Aversive pavlovian responses affect human instrumental motor performance.,/pubmed/23060738,"Rigoli F, Pavone EF, Pezzulo G.",Front Neurosci. 2012 Oct 8;6:134. doi: 10.3389/fnins.2012.00134. eCollection 2012.,Front Neurosci.  2012,PubMed,citation,PMID:23060738 | PMCID:PMC3465813,pubmed,23060738,create date:2012/10/13 | first author:Rigoli F,,,,,,
0,Older and younger adults,Neuroeconomic measures of social decision-making across the lifespan.,/pubmed/23049494,"Zhu L, Walsh D, Hsu M.",Front Neurosci. 2012 Sep 21;6:128. doi: 10.3389/fnins.2012.00128. eCollection 2012.,Front Neurosci.  2012,PubMed,citation,PMID:23049494 | PMCID:PMC3448294,pubmed,23049494,create date:2012/10/11 | first author:Zhu L,,,,,,
0,Not clinical,Better late than never? The effect of feedback delay on ERP indices of reward processing.,/pubmed/22752976,"Weinberg A, Luhmann CC, Bress JN, Hajcak G.",Cogn Affect Behav Neurosci. 2012 Dec;12(4):671-7. doi: 10.3758/s13415-012-0104-z.,Cogn Affect Behav Neurosci.  2012,PubMed,citation,PMID:22752976 | PMCID:PMC3631424,pubmed,22752976,create date:2012/07/04 | first author:Weinberg A,,,,,,
DUPLICATION WOS,,Effects of depression on reward-based decision making and variability of action in probabilistic learning.,/pubmed/22721601,"Kunisato Y, Okamoto Y, Ueda K, Onoda K, Okada G, Yoshimura S, Suzuki S, Samejima K, Yamawaki S.",J Behav Ther Exp Psychiatry. 2012 Dec;43(4):1088-94. doi: 10.1016/j.jbtep.2012.05.007. Epub 2012 May 31.,J Behav Ther Exp Psychiatry.  2012,PubMed,citation,PMID:22721601,pubmed,22721601,create date:2012/06/23 | first author:Kunisato Y,,,,,,
0,Not clinical,Go and no-go learning in reward and punishment: interactions between affect and effect.,/pubmed/22548809,"Guitart-Masip M, Huys QJ, Fuentemilla L, Dayan P, Duzel E, Dolan RJ.",Neuroimage. 2012 Aug 1;62(1):154-66. doi: 10.1016/j.neuroimage.2012.04.024. Epub 2012 Apr 21.,Neuroimage.  2012,PubMed,citation,PMID:22548809 | PMCID:PMC3387384,pubmed,22548809,create date:2012/05/03 | first author:Guitart-Masip M,,,,,,
0,Not clinical,Working-memory load and temporal myopia in dynamic decision making.,/pubmed/22545616,"Worthy DA, Otto AR, Maddox WT.",J Exp Psychol Learn Mem Cogn. 2012 Nov;38(6):1640-58. doi: 10.1037/a0028146. Epub 2012 Apr 30.,J Exp Psychol Learn Mem Cogn.  2012,PubMed,citation,PMID:22545616 | PMCID:PMC3419784,pubmed,22545616,create date:2012/05/02 | first author:Worthy DA,,,,,,
0,Neurons/circuits,Dopaminergic Control of the Exploration-Exploitation Trade-Off via the Basal Ganglia.,/pubmed/22347155,"Humphries MD, Khamassi M, Gurney K.",Front Neurosci. 2012 Feb 6;6:9. doi: 10.3389/fnins.2012.00009. eCollection 2012.,Front Neurosci.  2012,PubMed,citation,PMID:22347155 | PMCID:PMC3272648,pubmed,22347155,create date:2012/02/22 | first author:Humphries MD,,,,,,
DUPLICATION WOS,,Larger Error Signals in Major Depression are Associated with Better Avoidance Learning.,/pubmed/22084638,"Cavanagh JF, Bismark AJ, Frank MJ, Allen JJ.",Front Psychol. 2011 Nov 9;2:331. doi: 10.3389/fpsyg.2011.00331. eCollection 2011.,Front Psychol.  2011,PubMed,citation,PMID:22084638 | PMCID:PMC3210982,pubmed,22084638,create date:2011/11/16 | first author:Cavanagh JF,,,,,,
0,Not clinical,Decision-making based on emotional images.,/pubmed/22059086,"Katahira K, Fujimura T, Okanoya K, Okada M.",Front Psychol. 2011 Oct 28;2:311. doi: 10.3389/fpsyg.2011.00311. eCollection 2011.,Front Psychol.  2011,PubMed,citation,PMID:22059086 | PMCID:PMC3203555,pubmed,22059086,create date:2011/11/08 | first author:Katahira K,,,,,,
0,Drug study,Bi-directional effect of increasing doses of baclofen on reinforcement learning.,/pubmed/21811448,"Terrier J, Ort A, Yvon C, Saj A, Vuilleumier P, Lüscher C.",Front Behav Neurosci. 2011 Jul 22;5:40. doi: 10.3389/fnbeh.2011.00040. eCollection 2011.,Front Behav Neurosci.  2011,PubMed,citation,PMID:21811448 | PMCID:PMC3143686,pubmed,21811448,create date:2011/08/04 | first author:Terrier J,,,,,,
0,Tourette's,Dopamine-dependent reinforcement of motor skill learning: evidence from Gilles de la Tourette syndrome.,/pubmed/21727098,"Palminteri S, Lebreton M, Worbe Y, Hartmann A, Lehéricy S, Vidailhet M, Grabli D, Pessiglione M.",Brain. 2011 Aug;134(Pt 8):2287-301. doi: 10.1093/brain/awr147. Epub 2011 Jul 3.,Brain.  2011,PubMed,citation,PMID:21727098,pubmed,21727098,create date:2011/07/06 | first author:Palminteri S,,,,,,
0,Computational only,Speed/accuracy trade-off between the habitual and the goal-directed processes.,/pubmed/21637741,"Keramati M, Dezfouli A, Piray P.",PLoS Comput Biol. 2011 May;7(5):e1002055. doi: 10.1371/journal.pcbi.1002055. Epub 2011 May 26.,PLoS Comput Biol.  2011,PubMed,citation,PMID:21637741 | PMCID:PMC3102758,pubmed,21637741,create date:2011/06/04 | first author:Keramati M,,,,,,
0,Review paper,The neuropharmacology of implicit learning.,/pubmed/21629444,"Uddén J, Folia V, Petersson KM.",Curr Neuropharmacol. 2010 Dec;8(4):367-81. doi: 10.2174/157015910793358178.,Curr Neuropharmacol.  2010,PubMed,citation,PMID:21629444 | PMCID:PMC3080593,pubmed,21629444,create date:2011/06/02 | first author:Uddén J,,,,,,
DUPLICATION WOS,,Expected value and prediction error abnormalities in depression and schizophrenia.,/pubmed/21482548,"Gradin VB, Kumar P, Waiter G, Ahearn T, Stickle C, Milders M, Reid I, Hall J, Steele JD.",Brain. 2011 Jun;134(Pt 6):1751-64. doi: 10.1093/brain/awr059. Epub 2011 Apr 10.,Brain.  2011,PubMed,citation,PMID:21482548,pubmed,21482548,create date:2011/04/13 | first author:Gradin VB,,,,,,
DUPLICATION WOS,,Dopamine-mediated learning and switching in cortico-striatal circuit explain behavioral changes in reinforcement learning.,/pubmed/21472026,"Hong S, Hikosaka O.",Front Behav Neurosci. 2011 Mar 21;5:15. doi: 10.3389/fnbeh.2011.00015. eCollection 2011.,Front Behav Neurosci.  2011,PubMed,citation,PMID:21472026 | PMCID:PMC3065164,pubmed,21472026,create date:2011/04/08 | first author:Hong S,,,,,,
0,Review paper,The cerebellum: a neural system for the study of reinforcement learning.,/pubmed/21427778,"Swain RA, Kerr AL, Thompson RF.",Front Behav Neurosci. 2011 Mar 3;5:8. doi: 10.3389/fnbeh.2011.00008. eCollection 2011.,Front Behav Neurosci.  2011,PubMed,citation,PMID:21427778 | PMCID:PMC3049318,pubmed,21427778,create date:2011/03/24 | first author:Swain RA,,,,,,
0,Computational only,A reinforcement learning model of precommitment in decision making.,/pubmed/21179584,"Kurth-Nelson Z, Redish AD.",Front Behav Neurosci. 2010 Dec 14;4:184. doi: 10.3389/fnbeh.2010.00184. eCollection 2010.,Front Behav Neurosci.  2010,PubMed,citation,PMID:21179584 | PMCID:PMC3004435,pubmed,21179584,create date:2010/12/24 | first author:Kurth-Nelson Z,,,,,,
0,Review paper,"Serotonin and dopamine: unifying affective, activational, and decision functions.",/pubmed/20736991,"Cools R, Nakamura K, Daw ND.",Neuropsychopharmacology. 2011 Jan;36(1):98-113. doi: 10.1038/npp.2010.121. Epub 2010 Aug 25. Review.,Neuropsychopharmacology.  2011,PubMed,citation,PMID:20736991 | PMCID:PMC3055512,pubmed,20736991,create date:2010/08/26 | first author:Cools R,,,,,,
0,No clinical group,Social stress reactivity alters reward and punishment learning.,/pubmed/20453038,"Cavanagh JF, Frank MJ, Allen JJ.",Soc Cogn Affect Neurosci. 2011 Jun;6(3):311-20. doi: 10.1093/scan/nsq041. Epub 2010 May 7.,Soc Cogn Affect Neurosci.  2011,PubMed,citation,PMID:20453038 | PMCID:PMC3110431,pubmed,20453038,create date:2010/05/11 | first author:Cavanagh JF,,,,,,
DUPLICATION WOS,,Reward/Punishment reversal learning in older suicide attempters.,/pubmed/20231320,"Dombrovski AY, Clark L, Siegle GJ, Butters MA, Ichikawa N, Sahakian BJ, Szanto K.",Am J Psychiatry. 2010 Jun;167(6):699-707. doi: 10.1176/appi.ajp.2009.09030407. Epub 2010 Mar 15.,Am J Psychiatry.  2010,PubMed,citation,PMID:20231320 | PMCID:PMC3020386,pubmed,20231320,create date:2010/03/17 | first author:Dombrovski AY,,,,,,
0,In Parkinson's,A neurocomputational model of dopamine and prefrontal-striatal interactions during multicue category learning by Parkinson patients.,/pubmed/20044893,"Moustafa AA, Gluck MA.",J Cogn Neurosci. 2011 Jan;23(1):151-67. doi: 10.1162/jocn.2010.21420.,J Cogn Neurosci.  2011,PubMed,citation,PMID:20044893,pubmed,20044893,create date:2010/01/05 | first author:Moustafa AA,,,,,,
DUPLICATION WOS,,Cognitive aspects of congenital learned helplessness and its reversal by the monoamine oxidase (MAO)-B inhibitor deprenyl.,/pubmed/19931627,"Schulz D, Mirrione MM, Henn FA.",Neurobiol Learn Mem. 2010 Feb;93(2):291-301. doi: 10.1016/j.nlm.2009.11.003. Epub 2009 Nov 29.,Neurobiol Learn Mem.  2010,PubMed,citation,PMID:19931627,pubmed,19931627,create date:2009/11/26 | first author:Schulz D,,,,,,
0,Review paper,"Reinforcement learning, conditioning, and the brain: Successes and challenges.",/pubmed/19897789,Maia TV.,Cogn Affect Behav Neurosci. 2009 Dec;9(4):343-64. doi: 10.3758/CABN.9.4.343. Review.,Cogn Affect Behav Neurosci.  2009,PubMed,citation,PMID:19897789,pubmed,19897789,create date:2009/11/10 | first author:Maia TV,,,,,,
0,In mice,"Stress, genotype and norepinephrine in the prediction of mouse behavior using reinforcement learning.",/pubmed/19684590,"Luksys G, Gerstner W, Sandi C.",Nat Neurosci. 2009 Sep;12(9):1180-6. doi: 10.1038/nn.2374. Epub 2009 Aug 16.,Nat Neurosci.  2009,PubMed,citation,PMID:19684590,pubmed,19684590,create date:2009/08/18 | first author:Luksys G,,,,,,
0,Review paper,Serotonin in affective control.,/pubmed/19400722,"Dayan P, Huys QJ.",Annu Rev Neurosci. 2009;32:95-126. doi: 10.1146/annurev.neuro.051508.135607. Review.,Annu Rev Neurosci.  2009,PubMed,citation,PMID:19400722,pubmed,19400722,create date:2009/04/30 | first author:Dayan P,,,,,,
0,"Not in English, not clinical",[Reinforcement learning by striatum].,/pubmed/19378810,"Kunisato Y, Okada G, Okamoto Y.",Brain Nerve. 2009 Apr;61(4):405-11. Review. Japanese. ,Brain Nerve.  2009,PubMed,citation,PMID:19378810,pubmed,19378810,create date:2009/04/22 | first author:Kunisato Y,,,,,,
DUPLICATION WOS,,A Bayesian formulation of behavioral control.,/pubmed/19285311,"Huys QJM, Dayan P.",Cognition. 2009 Dec;113(3):314-328. doi: 10.1016/j.cognition.2009.01.008. Epub 2009 Mar 12. Review.,Cognition.  2009,PubMed,citation,PMID:19285311,pubmed,19285311,create date:2009/03/17 | first author:Huys QJM,,,,,,
0,Review paper,"Decision theory, reinforcement learning, and the brain.",/pubmed/19033240,"Dayan P, Daw ND.",Cogn Affect Behav Neurosci. 2008 Dec;8(4):429-53. doi: 10.3758/CABN.8.4.429. Review.,Cogn Affect Behav Neurosci.  2008,PubMed,citation,PMID:19033240,pubmed,19033240,create date:2008/11/27 | first author:Dayan P,,,,,,
0,Not clinical,Learning affective values for faces is expressed in amygdala and fusiform gyrus.,/pubmed/19015101,"Petrovic P, Kalisch R, Pessiglione M, Singer T, Dolan RJ.",Soc Cogn Affect Neurosci. 2008 Jun;3(2):109-18. doi: 10.1093/scan/nsn002. Epub 2008 Feb 8.,Soc Cogn Affect Neurosci.  2008,PubMed,citation,PMID:19015101 | PMCID:PMC2555467,pubmed,19015101,create date:2008/11/19 | first author:Petrovic P,,,,,,
0,Not clinical,The effect of workers' visibility on effectiveness of intervention programs: supervisory-based safety interventions.,/pubmed/18571568,"Luria G, Zohar D, Erev I.",J Safety Res. 2008;39(3):273-80. doi: 10.1016/j.jsr.2007.12.003. Epub 2008 Apr 10.,J Safety Res.  2008,PubMed,citation,PMID:18571568,pubmed,18571568,create date:2008/06/24 | first author:Luria G,,,,,,
0,Computational only,Modulators of decision making.,/pubmed/18368048,Doya K.,Nat Neurosci. 2008 Apr;11(4):410-6. doi: 10.1038/nn2077. Review.,Nat Neurosci.  2008,PubMed,citation,PMID:18368048,pubmed,18368048,create date:2008/03/28 | first author:Doya K,,,,,,
0,Not clinical,"Cross-task individual differences in error processing: neural, electrophysiological, and genetic components.",/pubmed/18189003,"Frank MJ, D'Lauro C, Curran T.",Cogn Affect Behav Neurosci. 2007 Dec;7(4):297-308.,Cogn Affect Behav Neurosci.  2007,PubMed,citation,PMID:18189003,pubmed,18189003,create date:2008/01/15 | first author:Frank MJ,,,,,,
0,Not clinical,Individual differences and the neural representations of reward expectation and reward prediction error.,/pubmed/17710118,Cohen MX.,Soc Cogn Affect Neurosci. 2007 Mar;2(1):20-30.,Soc Cogn Affect Neurosci.  2007,PubMed,citation,PMID:17710118 | PMCID:PMC1945222,pubmed,17710118,create date:2007/08/22 | first author:Cohen MX,,,,,,
DUPLICATION WOS,,The amygdala and ventromedial prefrontal cortex in morality and psychopathy.,/pubmed/17707682,Blair RJ.,Trends Cogn Sci. 2007 Sep;11(9):387-92. Epub 2007 Aug 17.,Trends Cogn Sci.  2007,PubMed,citation,PMID:17707682,pubmed,17707682,create date:2007/08/21 | first author:Blair RJ,,,,,,
0,Review paper,"Cost, benefit, tonic, phasic: what do response rates tell us about dopamine and motivation?",/pubmed/17416928,Niv Y.,Ann N Y Acad Sci. 2007 May;1104:357-76. Epub 2007 Apr 7. Review.,Ann N Y Acad Sci.  2007,PubMed,citation,PMID:17416928,pubmed,17416928,create date:2007/04/10 | first author:Niv Y,,,,,,
0,Reanalysis of data,Tonic dopamine: opportunity costs and the control of response vigor.,/pubmed/17031711,"Niv Y, Daw ND, Joel D, Dayan P.",Psychopharmacology (Berl). 2007 Apr;191(3):507-20. Epub 2006 Oct 10.,Psychopharmacology (Berl).  2007,PubMed,citation,PMID:17031711,pubmed,17031711,create date:2006/10/13 | first author:Niv Y,,,,,,
DUPLICATION WOS,,Optimal spike-timing-dependent plasticity for precise action potential firing in supervised learning.,/pubmed/16764506,"Pfister JP, Toyoizumi T, Barber D, Gerstner W.",Neural Comput. 2006 Jun;18(6):1318-48.,Neural Comput.  2006,PubMed,citation,PMID:16764506,pubmed,16764506,create date:2006/06/13 | first author:Pfister JP,,,,,,
0,In rats,Limbic corticostriatal systems and delayed reinforcement.,/pubmed/15251872,"Cardinal RN, Winstanley CA, Robbins TW, Everitt BJ.",Ann N Y Acad Sci. 2004 Jun;1021:33-50. Review.,Ann N Y Acad Sci.  2004,PubMed,citation,PMID:15251872,pubmed,15251872,create date:2004/07/15 | first author:Cardinal RN,,,,,,
DUPLICATION WOS,,Cerebellar learning of bio-mechanical functions of extra-ocular muscles: modeling by artificial neural networks.,/pubmed/14643762,"Ebadzadeh M, Darlot C.",Neuroscience. 2003;122(4):941-66.,Neuroscience.  2003,PubMed,citation,PMID:14643762,pubmed,14643762,create date:2003/12/04 | first author:Ebadzadeh M,,,,,,
DUPLICATION WOS,,Reinforcement learning by Hebbian synapses with adaptive thresholds.,/pubmed/9300423,Pennartz CM.,Neuroscience. 1997 Nov;81(2):303-19.,Neuroscience.  1997,PubMed,citation,PMID:9300423,pubmed,9300423,create date:1997/09/23 | first author:Pennartz CM,,,,,,
DUPLICATION WOS,,Self-tuning Optimal Regulation of Respiratory Motor Output by Hebbian Covariance Learning.,/pubmed/12662540,Poon CS.,Neural Netw. 1996 Nov;9(8):1367-1383.,Neural Netw.  1996,PubMed,citation,PMID:12662540,pubmed,12662540,create date:1996/11/01 | first author:Poon CS,,,,,,
0,Neurons/circuits,Postsynaptic integration of glutamatergic and dopaminergic signals in the striatum.,/pubmed/7831476,Kötter R.,Prog Neurobiol. 1994 Oct;44(2):163-96. Review.,Prog Neurobiol.  1994,PubMed,citation,PMID:7831476,pubmed,7831476,create date:1994/10/01 | first author:Kötter R,,,,,,
