PMID,Title,Authors,Citation,First Author,Journal/Book,Publication Year,Create Date,PMCID,NIHMS ID,DOI
25705929,Depression: a decision-theoretic analysis,"Huys QJ, Daw ND, Dayan P.",Annu Rev Neurosci. 2015 Jul 8;38:1-23. doi: 10.1146/annurev-neuro-071714-033928. Epub 2015 Feb 11.,Huys QJ,Annu Rev Neurosci,2015,24/02/2015,,,10.1146/annurev-neuro-071714-033928
32256395,Under the Hood: Using Computational Psychiatry to Make Psychological Therapies More Mechanism-Focused,"Nair A, Rutledge RB, Mason L.",Front Psychiatry. 2020 Mar 18;11:140. doi: 10.3389/fpsyt.2020.00140. eCollection 2020.,Nair A,Front Psychiatry,2020,08/04/2020,PMC7093344,,10.3389/fpsyt.2020.00140
31057467,Parameters as Trait Indicators: Exploring a Complementary Neurocomputational Approach to Conceptualizing and Measuring Trait Differences in Emotional Intelligence,"Smith R, Alkozei A, Killgore WDS.",Front Psychol. 2019 Apr 18;10:848. doi: 10.3389/fpsyg.2019.00848. eCollection 2019.,Smith R,Front Psychol,2019,07/05/2019,PMC6482169,,10.3389/fpsyg.2019.00848
17320311,Constructing evidence-based treatment strategies using methods from computer science,"Pineau J, Bellemare MG, Rush AJ, Ghizaru A, Murphy SA.",Drug Alcohol Depend. 2007 May;88 Suppl 2(Suppl 2):S52-60. doi: 10.1016/j.drugalcdep.2007.01.005. Epub 2007 Feb 21.,Pineau J,Drug Alcohol Depend,2007,27/02/2007,PMC1934348,NIHMS22100,10.1016/j.drugalcdep.2007.01.005
29709209,"Anxiety, Depression, and Decision Making: A Computational Perspective","Bishop SJ, Gagne C.",Annu Rev Neurosci. 2018 Jul 8;41:371-388. doi: 10.1146/annurev-neuro-080317-062007. Epub 2018 Apr 25.,Bishop SJ,Annu Rev Neurosci,2018,01/05/2018,,,10.1146/annurev-neuro-080317-062007
28343697,Modeling Avoidance in Mood and Anxiety Disorders Using Reinforcement Learning,"Mkrtchian A, Aylward J, Dayan P, Roiser JP, Robinson OJ.",Biol Psychiatry. 2017 Oct 1;82(7):532-539. doi: 10.1016/j.biopsych.2017.01.017. Epub 2017 Feb 8.,Mkrtchian A,Biol Psychiatry,2017,28/03/2017,PMC5598542,,10.1016/j.biopsych.2017.01.017
9658025,Predictive reward signal of dopamine neurons,Schultz W.,J Neurophysiol. 1998 Jul;80(1):1-27. doi: 10.1152/jn.1998.80.1.1.,Schultz W,J Neurophysiol,1998,11/07/1998,,,10.1152/jn.1998.80.1.1
25979140,Reinforcement learning in depression: A review of computational research,"Chen C, Takahashi T, Nakagawa S, Inoue T, Kusumi I.",Neurosci Biobehav Rev. 2015 Aug;55:247-67. doi: 10.1016/j.neubiorev.2015.05.005. Epub 2015 May 12.,Chen C,Neurosci Biobehav Rev,2015,17/05/2015,,,10.1016/j.neubiorev.2015.05.005
31209369,Altered learning under uncertainty in unmedicated mood and anxiety disorders,"Aylward J, Valton V, Ahn WY, Bond RL, Dayan P, Roiser JP, Robinson OJ.",Nat Hum Behav. 2019 Oct;3(10):1116-1123. doi: 10.1038/s41562-019-0628-0. Epub 2019 Jun 17.,Aylward J,Nat Hum Behav,2019,19/06/2019,PMC6790140,EMS83210,10.1038/s41562-019-0628-0
31324936,Computational modelling reveals contrasting effects on reinforcement learning and cognitive flexibility in stimulant use disorder and obsessive-compulsive disorder: remediating effects of dopaminergic D2/3 receptor agents,"Kanen JW, Ersche KD, Fineberg NA, Robbins TW, Cardinal RN.",Psychopharmacology (Berl). 2019 Aug;236(8):2337-2358. doi: 10.1007/s00213-019-05325-w. Epub 2019 Jul 20.,Kanen JW,Psychopharmacology (Berl),2019,21/07/2019,PMC6820481,,10.1007/s00213-019-05325-w
29400358,Learning and Choice in Mood Disorders: Searching for the Computational Parameters of Anhedonia,"Robinson OJ, Chase HW.",Comput Psychiatr. 2017;1(1):208-233. doi: 10.1162/CPSY_a_00009. Epub 2017 Dec 29.,Robinson OJ,Comput Psychiatr,2017,06/02/2018,PMC5796642,EMS75606,10.1162/CPSY_a_00009
24471371,"Depression, stress, and anhedonia: toward a synthesis and integrated model",Pizzagalli DA.,Annu Rev Clin Psychol. 2014;10:393-423. doi: 10.1146/annurev-clinpsy-050212-185606.,Pizzagalli DA,Annu Rev Clin Psychol,2014,30/01/2014,PMC3972338,NIHMS555634,10.1146/annurev-clinpsy-050212-185606
31437453,"Neuromodulation of Spike-Timing-Dependent Plasticity: Past, Present, and Future","Brzosko Z, Mierau SB, Paulsen O.",Neuron. 2019 Aug 21;103(4):563-581. doi: 10.1016/j.neuron.2019.05.041.,Brzosko Z,Neuron,2019,23/08/2019,,,10.1016/j.neuron.2019.05.041
30502081,"Value-Based Choice, Contingency Learning, and Suicidal Behavior in Mid- and Late-Life Depression","Dombrovski AY, Hallquist MN, Brown VM, Wilson J, Szanto K.",Biol Psychiatry. 2019 Mar 15;85(6):506-516. doi: 10.1016/j.biopsych.2018.10.006. Epub 2018 Oct 18.,Dombrovski AY,Biol Psychiatry,2019,04/12/2018,PMC6380943,NIHMS1509914,10.1016/j.biopsych.2018.10.006
32585299,A reinforcement-learning model of active avoidance behavior: Differences between Sprague Dawley and Wistar-Kyoto rats,"Spiegler KM, Palmieri J, Pang KCH, Myers CE.",Behav Brain Res. 2020 Sep 1;393:112784. doi: 10.1016/j.bbr.2020.112784. Epub 2020 Jun 22.,Spiegler KM,Behav Brain Res,2020,26/06/2020,PMC7423762,NIHMS1616573,10.1016/j.bbr.2020.112784
31149639,Multiple Dissociations Between Comorbid Depression and Anxiety on Reward and Punishment Processing: Evidence From Computationally Informed EEG,"Cavanagh JF, Bismark AW, Frank MJ, Allen JJB.",Comput Psychiatr. 2019 Jan;3:1-17. doi: 10.1162/cpsy_a_00024.,Cavanagh JF,Comput Psychiatr,2019,01/06/2019,PMC6515849,,10.1162/cpsy_a_00024
30077331,Incentives Boost Model-Based Control Across a Range of Severity on Several Psychiatric Constructs,"Patzelt EH, Kool W, Millner AJ, Gershman SJ.",Biol Psychiatry. 2019 Mar 1;85(5):425-433. doi: 10.1016/j.biopsych.2018.06.018. Epub 2018 Jul 2.,Patzelt EH,Biol Psychiatry,2019,06/08/2018,PMC6314918,NIHMS979044,10.1016/j.biopsych.2018.06.018
31254091,Reward and avoidance learning in the context of aversive environments and possible implications for depressive symptoms,"Sebold M, Garbusow M, Jetzschmann P, Schad DJ, Nebe S, Schlagenhauf F, Heinz A, Rapp M, Romanczuk-Seiferth N.",Psychopharmacology (Berl). 2019 Aug;236(8):2437-2449. doi: 10.1007/s00213-019-05299-9. Epub 2019 Jun 28.,Sebold M,Psychopharmacology (Berl),2019,30/06/2019,PMC6695365,,10.1007/s00213-019-05299-9
31826943,Intact Reinforcement Learning But Impaired Attentional Control During Multidimensional Probabilistic Learning in Older Adults,"Daniel R, Radulescu A, Niv Y.",J Neurosci. 2020 Jan 29;40(5):1084-1096. doi: 10.1523/JNEUROSCI.0254-19.2019. Epub 2019 Dec 11.,Daniel R,J Neurosci,2020,13/12/2019,PMC6989001,,10.1523/JNEUROSCI.0254-19.2019
31873133,Reduced model-based decision-making in gambling disorder,"Wyckmans F, Otto AR, Sebold M, Daw N, Bechara A, Saeremans M, Kornreich C, Chatard A, Jaafari N, Noël X.",Sci Rep. 2019 Dec 23;9(1):19625. doi: 10.1038/s41598-019-56161-z.,Wyckmans F,Sci Rep,2019,25/12/2019,PMC6927960,,10.1038/s41598-019-56161-z
31273400,Computational psychopharmacology: a translational and pragmatic approach,"Robbins TW, Cardinal RN.",Psychopharmacology (Berl). 2019 Aug;236(8):2295-2305. doi: 10.1007/s00213-019-05302-3. Epub 2019 Jul 4.,Robbins TW,Psychopharmacology (Berl),2019,06/07/2019,PMC6695356,,10.1007/s00213-019-05302-3
32232358,Computational modelling of social cognition and behaviour-a reinforcement learning primer,"Lockwood PL, Klein-Flügge M.",Soc Cogn Affect Neurosci. 2020 Mar 30:nsaa040. doi: 10.1093/scan/nsaa040. Online ahead of print.,Lockwood PL,Soc Cogn Affect Neurosci,2020,02/04/2020,,,10.1093/scan/nsaa040
27534393,25th Annual Computational Neuroscience Meeting: CNS-2016,"Sharpee TO, Destexhe A, Kawato M, Sekuli? V, Skinner FK, Wójcik DK, Chintaluri C, Cserpán D, Somogyvári Z, Kim JK, Kilpatrick ZP, Bennett MR, Josi? K, Elices I, Arroyo D, Levi R, Rodriguez FB, Varona P, Hwang E, Kim B, Han HB, Kim T, McKenna JT, Brown RE, McCarley RW, Choi JH, Rankin J, Popp PO, Rinzel J, Tabas A, Rupp A, Balaguer-Ballester E, Maturana MI, Grayden DB, Cloherty SL, Kameneva T, Ibbotson MR, Meffin H, Koren V, Lochmann T, Dragoi V, Obermayer K, Psarrou M, Schilstra M, Davey N, Torben-Nielsen B, Steuber V, Ju H, Yu J, Hines ML, Chen L, Yu Y, Kim J, Leahy W, Shlizerman E, Birgiolas J, Gerkin RC, Crook SM, Viriyopase A, Memmesheimer RM, Gielen S, Dabaghian Y, DeVito J, Perotti L, Kim AJ, Fenk LM, Cheng C, Maimon G, Zhao C, Widmer Y, Sprecher S, Senn W, Halnes G, Mäki-Marttunen T, Keller D, Pettersen KH, Andreassen OA, Einevoll GT, Yamada Y, Steyn-Ross ML, Alistair Steyn-Ross D, Mejias JF, Murray JD, Kennedy H, Wang XJ, Kruscha A, Grewe J, Benda J, Lindner B, Badel L, Ohta K, Tsuchimoto Y, Kazama H, Kahng B, Tam ND, Pollonini L, Zouridakis G, Soh J, Kim D, Yoo M, et al.",BMC Neurosci. 2016 Aug 18;17 Suppl 1(Suppl 1):54. doi: 10.1186/s12868-016-0283-6.,Sharpee TO,BMC Neurosci,2016,19/08/2016,PMC5001212,,10.1186/s12868-016-0283-6
29540863,Impaired reward prediction error encoding and striatal-midbrain connectivity in depression,"Kumar P, Goer F, Murray L, Dillon DG, Beltzer ML, Cohen AL, Brooks NH, Pizzagalli DA.",Neuropsychopharmacology. 2018 Jun;43(7):1581-1588. doi: 10.1038/s41386-018-0032-x. Epub 2018 Feb 26.,Kumar P,Neuropsychopharmacology,2018,16/03/2018,PMC5983542,,10.1038/s41386-018-0032-x
30470583,The Neurobiology of Personal Control During Reward Learning and Its Relationship to Mood,"Romaniuk L, Sandu AL, Waiter GD, McNeil CJ, Xueyi S, Harris MA, Macfarlane JA, Lawrie SM, Deary IJ, Murray AD, Delgado MR, Steele JD, McIntosh AM, Whalley HC.",Biol Psychiatry Cogn Neurosci Neuroimaging. 2019 Feb;4(2):190-199. doi: 10.1016/j.bpsc.2018.09.015. Epub 2018 Oct 9.,Romaniuk L,Biol Psychiatry Cogn Neurosci Neuroimaging,2019,25/11/2018,PMC6374985,,10.1016/j.bpsc.2018.09.015
30306228,Translational tests involving non-reward: methodological considerations,"Phillips BU, Lopez-Cruz L, Saksida LM, Bussey TJ.",Psychopharmacology (Berl). 2019 Jan;236(1):449-461. doi: 10.1007/s00213-018-5062-x. Epub 2018 Oct 10.,Phillips BU,Psychopharmacology (Berl),2019,12/10/2018,PMC6373191,,10.1007/s00213-018-5062-x
28573384,A simple computational algorithm of model-based choice preference,"Toyama A, Katahira K, Ohira H.",Cogn Affect Behav Neurosci. 2017 Aug;17(4):764-783. doi: 10.3758/s13415-017-0511-2.,Toyama A,Cogn Affect Behav Neurosci,2017,03/06/2017,,,10.3758/s13415-017-0511-2
19897789,"Reinforcement learning, conditioning, and the brain: Successes and challenges",Maia TV.,Cogn Affect Behav Neurosci. 2009 Dec;9(4):343-64. doi: 10.3758/CABN.9.4.343.,Maia TV,Cogn Affect Behav Neurosci,2009,10/11/2009,,,10.3758/CABN.9.4.343
31653478,"Driven by Pain, Not Gain: Computational Approaches to Aversion-Related Decision Making in Psychiatry",Paulus MP.,Biol Psychiatry. 2020 Feb 15;87(4):359-367. doi: 10.1016/j.biopsych.2019.08.025. Epub 2019 Sep 9.,Paulus MP,Biol Psychiatry,2020,27/10/2019,PMC7012695,NIHMS1539353,10.1016/j.biopsych.2019.08.025
32752282,"Effects of Depressive Symptoms, Feelings, and Interoception on Reward-Based Decision-Making: Investigation Using Reinforcement Learning Model","Ogishima H, Maeda S, Tanaka Y, Shimada H.",Brain Sci. 2020 Aug 1;10(8):508. doi: 10.3390/brainsci10080508.,Ogishima H,Brain Sci,2020,06/08/2020,PMC7464008,,10.3390/brainsci10080508
31831095,Social reinforcement learning as a predictor of real-life experiences in individuals with high and low depressive symptomatology,"Frey AL, Frank MJ, McCabe C.",Psychol Med. 2019 Dec 13:1-8. doi: 10.1017/S0033291719003222. Online ahead of print.,Frey AL,Psychol Med,2019,14/12/2019,,,10.1017/S0033291719003222
31375849,Sensitivity to negative and positive feedback as a stable and enduring behavioural trait in rats,"Noworyta-Sokolowska K, Kozub A, Jablonska J, Rodriguez Parkitna J, Drozd R, Rygula R.",Psychopharmacology (Berl). 2019 Aug;236(8):2389-2403. doi: 10.1007/s00213-019-05333-w. Epub 2019 Aug 3.,Noworyta-Sokolowska K,Psychopharmacology (Berl),2019,04/08/2019,PMC6695373,,10.1007/s00213-019-05333-w
29706512,Decodability of Reward Learning Signals Predicts Mood Fluctuations,"Eldar E, Roth C, Dayan P, Dolan RJ.",Curr Biol. 2018 May 7;28(9):1433-1439.e7. doi: 10.1016/j.cub.2018.03.038.,Eldar E,Curr Biol,2018,01/05/2018,PMC5954908,,10.1016/j.cub.2018.03.038
29735014,Value generalization in human avoidance learning,"Norbury A, Robbins TW, Seymour B.",Elife. 2018 May 8;7:e34779. doi: 10.7554/eLife.34779.,Norbury A,Elife,2018,09/05/2018,PMC5957527,,10.7554/eLife.34779
30955204,Maladaptive striatal plasticity and abnormal reward-learning in cervical dystonia,"Gilbertson T, Humphries M, Steele JD.",Eur J Neurosci. 2019 Oct;50(7):3191-3204. doi: 10.1111/ejn.14414. Epub 2019 May 14.,Gilbertson T,Eur J Neurosci,2019,08/04/2019,PMC6900037,,10.1111/ejn.14414
30922970,Revisiting a theory of cerebellar cortex,"Yamazaki T, Lennon W.",Neurosci Res. 2019 Nov;148:1-8. doi: 10.1016/j.neures.2019.03.001. Epub 2019 Mar 26.,Yamazaki T,Neurosci Res,2019,30/03/2019,,,10.1016/j.neures.2019.03.001
30846930,The Functional Role of Striatal Cholinergic Interneurons in Reinforcement Learning From Computational Perspective,"Kim T, Capps RA, Hamade KC, Barnett WH, Todorov DI, Latash EM, Markin SN, Rybak IA, Molkov YI.",Front Neural Circuits. 2019 Feb 21;13:10. doi: 10.3389/fncir.2019.00010. eCollection 2019.,Kim T,Front Neural Circuits,2019,09/03/2019,PMC6393383,,10.3389/fncir.2019.00010
32056775,Aberrant probabilistic reinforcement learning in first-degree relatives of individuals with bipolar disorder,"Linke JO, Koppe G, Scholz V, Kanske P, Durstewitz D, Wessa M.",J Affect Disord. 2020 Mar 1;264:400-406. doi: 10.1016/j.jad.2019.11.063. Epub 2019 Nov 12.,Linke JO,J Affect Disord,2020,15/02/2020,,,10.1016/j.jad.2019.11.063
25665667,Reinforcement learning models and their neural correlates: An activation likelihood estimation meta-analysis,"Chase HW, Kumar P, Eickhoff SB, Dombrovski AY.",Cogn Affect Behav Neurosci. 2015 Jun;15(2):435-59. doi: 10.3758/s13415-015-0338-7.,Chase HW,Cogn Affect Behav Neurosci,2015,11/02/2015,PMC4437864,NIHMS662874,10.3758/s13415-015-0338-7
31175616,Decomposing the effects of context valence and feedback information on speed and accuracy during reinforcement learning: a meta-analytical approach using diffusion decision modeling,"Fontanesi L, Palminteri S, Lebreton M.",Cogn Affect Behav Neurosci. 2019 Jun;19(3):490-502. doi: 10.3758/s13415-019-00723-1.,Fontanesi L,Cogn Affect Behav Neurosci,2019,09/06/2019,PMC6598978,,10.3758/s13415-019-00723-1
26545853,Mood as Representation of Momentum,"Eldar E, Rutledge RB, Dolan RJ, Niv Y.",Trends Cogn Sci. 2016 Jan;20(1):15-24. doi: 10.1016/j.tics.2015.07.010. Epub 2015 Nov 3.,Eldar E,Trends Cogn Sci,2016,08/11/2015,PMC4703769,,10.1016/j.tics.2015.07.010
28838468,Computational Dysfunctions in Anxiety: Failure to Differentiate Signal From Noise,"Huang H, Thompson W, Paulus MP.",Biol Psychiatry. 2017 Sep 15;82(6):440-446. doi: 10.1016/j.biopsych.2017.07.007. Epub 2017 Jul 21.,Huang H,Biol Psychiatry,2017,26/08/2017,PMC5576575,NIHMS894520,10.1016/j.biopsych.2017.07.007
30484928,Impaired generalization of reward but not loss in obsessive-compulsive disorder,"Rouhani N, Wimmer GE, Schneier FR, Fyer AJ, Shohamy D, Simpson HB.",Depress Anxiety. 2019 Feb;36(2):121-129. doi: 10.1002/da.22857. Epub 2018 Nov 28.,Rouhani N,Depress Anxiety,2019,29/11/2018,PMC6945299,NIHMS1065702,10.1002/da.22857
31538209,[Computational psychiatry : Data-driven vs. mechanistic approaches],"Kaminski J, Katthagen T, Schlagenhauf F.",Nervenarzt. 2019 Nov;90(11):1117-1124. doi: 10.1007/s00115-019-00796-w.,Kaminski J,Nervenarzt,2019,21/09/2019,,,10.1007/s00115-019-00796-w
27438888,Reinforcement Learning Explains Conditional Cooperation and Its Moody Cousin,"Ezaki T, Horita Y, Takezawa M, Masuda N.",PLoS Comput Biol. 2016 Jul 20;12(7):e1005034. doi: 10.1371/journal.pcbi.1005034. eCollection 2016 Jul.,Ezaki T,PLoS Comput Biol,2016,21/07/2016,PMC4954710,,10.1371/journal.pcbi.1005034
31680152,The neural basis of shared preference learning,"Farmer H, Hertz U, Hamilton AFC.",Soc Cogn Affect Neurosci. 2019 Oct 1;14(10):1061-1072. doi: 10.1093/scan/nsz076.,Farmer H,Soc Cogn Affect Neurosci,2019,05/11/2019,PMC6970152,,10.1093/scan/nsz076
30756349,Neurocomputational mechanisms of adaptive learning in social exchanges,"Vanyukov PM, Hallquist MN, Delgado M, Szanto K, Dombrovski AY.",Cogn Affect Behav Neurosci. 2019 Aug;19(4):985-997. doi: 10.3758/s13415-019-00697-0.,Vanyukov PM,Cogn Affect Behav Neurosci,2019,14/02/2019,PMC6690806,NIHMS1020726,10.3758/s13415-019-00697-0
30113284,Stratification of the risk of bipolar disorder recurrences in pregnancy and postpartum,"Di Florio A, Gordon-Smith K, Forty L, Kosorok MR, Fraser C, Perry A, Bethell A, Craddock N, Jones L, Jones I.",Br J Psychiatry. 2018 Sep;213(3):542-547. doi: 10.1192/bjp.2018.92.,Di Florio A,Br J Psychiatry,2018,17/08/2018,PMC6429257,,10.1192/bjp.2018.92
30377929,Substance use is associated with reduced devaluation sensitivity,"Byrne KA, Otto AR, Pang B, Patrick CJ, Worthy DA.",Cogn Affect Behav Neurosci. 2019 Feb;19(1):40-55. doi: 10.3758/s13415-018-0638-9.,Byrne KA,Cogn Affect Behav Neurosci,2019,01/11/2018,,,10.3758/s13415-018-0638-9
26157034,Computational Psychiatry: towards a mathematically informed understanding of mental illness,"Adams RA, Huys QJ, Roiser JP.",J Neurol Neurosurg Psychiatry. 2016 Jan;87(1):53-63. doi: 10.1136/jnnp-2015-310737. Epub 2015 Jul 8.,Adams RA,J Neurol Neurosurg Psychiatry,2016,10/07/2015,PMC4717449,,10.1136/jnnp-2015-310737
28301764,"Reward Processing, Neuroeconomics, and Psychopathology","Zald DH, Treadway MT.",Annu Rev Clin Psychol. 2017 May 8;13:471-495. doi: 10.1146/annurev-clinpsy-032816-044957. Epub 2017 Mar 15.,Zald DH,Annu Rev Clin Psychol,2017,17/03/2017,PMC5958615,NIHMS956285,10.1146/annurev-clinpsy-032816-044957
30037595,Unified neural structured model: A new diagnostic tool in primary care psychiatry,Akaishi T.,Med Hypotheses. 2018 Sep;118:107-113. doi: 10.1016/j.mehy.2018.06.030. Epub 2018 Jun 28.,Akaishi T,Med Hypotheses,2018,25/07/2018,,,10.1016/j.mehy.2018.06.030
30589305,Suicidal thoughts and behaviors are associated with an increased decision-making bias for active responses to escape aversive states,"Millner AJ, den Ouden HEM, Gershman SJ, Glenn CR, Kearns JC, Bornstein AM, Marx BP, Keane TM, Nock MK.",J Abnorm Psychol. 2019 Feb;128(2):106-118. doi: 10.1037/abn0000395. Epub 2018 Dec 27.,Millner AJ,J Abnorm Psychol,2019,28/12/2018,,,10.1037/abn0000395
31280309,Impaired reward-related learning signals in remitted unmedicated patients with recurrent depression,"Geugies H, Mocking RJT, Figueroa CA, Groot PFC, Marsman JC, Servaas MN, Steele JD, Schene AH, Ruhé HG.",Brain. 2019 Aug 1;142(8):2510-2522. doi: 10.1093/brain/awz167.,Geugies H,Brain,2019,08/07/2019,PMC6734943,,10.1093/brain/awz167
22548809,Go and no-go learning in reward and punishment: interactions between affect and effect,"Guitart-Masip M, Huys QJ, Fuentemilla L, Dayan P, Duzel E, Dolan RJ.",Neuroimage. 2012 Aug 1;62(1):154-66. doi: 10.1016/j.neuroimage.2012.04.024. Epub 2012 Apr 21.,Guitart-Masip M,Neuroimage,2012,03/05/2012,PMC3387384,,10.1016/j.neuroimage.2012.04.024
30276616,Motivational deficits in schizophrenia relate to abnormalities in cortical learning rate signals,"Hernaus D, Xu Z, Brown EC, Ruiz R, Frank MJ, Gold JM, Waltz JA.",Cogn Affect Behav Neurosci. 2018 Dec;18(6):1338-1351. doi: 10.3758/s13415-018-0643-z.,Hernaus D,Cogn Affect Behav Neurosci,2018,03/10/2018,,,10.3758/s13415-018-0643-z
32194471,Learning Process of Gaze Following: Computational Modeling Based on Reinforcement Learning,"Ishikawa M, Senju A, Itakura S.",Front Psychol. 2020 Mar 3;11:213. doi: 10.3389/fpsyg.2020.00213. eCollection 2020.,Ishikawa M,Front Psychol,2020,21/03/2020,PMC7063100,,10.3389/fpsyg.2020.00213
28334960,Neural mechanisms of reinforcement learning in unmedicated patients with major depressive disorder,"Rothkirch M, Tonn J, Köhler S, Sterzer P.",Brain. 2017 Apr 1;140(4):1147-1157. doi: 10.1093/brain/awx025.,Rothkirch M,Brain,2017,24/03/2017,,,10.1093/brain/awx025
31185008,Models that learn how humans learn: The case of decision-making and its disorders,"Dezfouli A, Griffiths K, Ramos F, Dayan P, Balleine BW.",PLoS Comput Biol. 2019 Jun 11;15(6):e1006903. doi: 10.1371/journal.pcbi.1006903. eCollection 2019 Jun.,Dezfouli A,PLoS Comput Biol,2019,12/06/2019,PMC6588260,,10.1371/journal.pcbi.1006903
27145766,Dimensional psychiatry: mental disorders as dysfunctions of basic learning mechanisms,"Heinz A, Schlagenhauf F, Beck A, Wackerhagen C.",J Neural Transm (Vienna). 2016 Aug;123(8):809-21. doi: 10.1007/s00702-016-1561-2. Epub 2016 May 4.,Heinz A,J Neural Transm (Vienna),2016,06/05/2016,,,10.1007/s00702-016-1561-2
32249207,Improving the Reliability of Computational Analyses: Model-Based Planning and Its Relationship With Compulsivity,"Brown VM, Chen J, Gillan CM, Price RB.",Biol Psychiatry Cogn Neurosci Neuroimaging. 2020 Jun;5(6):601-609. doi: 10.1016/j.bpsc.2019.12.019. Epub 2020 Jan 13.,Brown VM,Biol Psychiatry Cogn Neurosci Neuroimaging,2020,07/04/2020,PMC7286766,NIHMS1549699,10.1016/j.bpsc.2019.12.019
28575424,Association between habenula dysfunction and motivational symptoms in unmedicated major depressive disorder,"Liu WH, Valton V, Wang LZ, Zhu YH, Roiser JP.",Soc Cogn Affect Neurosci. 2017 Sep 1;12(9):1520-1533. doi: 10.1093/scan/nsx074.,Liu WH,Soc Cogn Affect Neurosci,2017,03/06/2017,PMC5629818,,10.1093/scan/nsx074
28254083,Classification techniques on computerized systems to predict and/or to detect Apnea: A systematic review,"Pombo N, Garcia N, Bousson K.",Comput Methods Programs Biomed. 2017 Mar;140:265-274. doi: 10.1016/j.cmpb.2017.01.001. Epub 2017 Jan 5.,Pombo N,Comput Methods Programs Biomed,2017,04/03/2017,,,10.1016/j.cmpb.2017.01.001
27528669,Neurocomputational mechanisms of prosocial learning and links to empathy,"Lockwood PL, Apps MA, Valton V, Viding E, Roiser JP.",Proc Natl Acad Sci U S A. 2016 Aug 30;113(35):9763-8. doi: 10.1073/pnas.1603198113. Epub 2016 Aug 15.,Lockwood PL,Proc Natl Acad Sci U S A,2016,17/08/2016,PMC5024617,,10.1073/pnas.1603198113
28050805,Electrophysiological correlates reflect the integration of model-based and model-free decision information,"Eppinger B, Walter M, Li SC.",Cogn Affect Behav Neurosci. 2017 Apr;17(2):406-421. doi: 10.3758/s13415-016-0487-3.,Eppinger B,Cogn Affect Behav Neurosci,2017,05/01/2017,,,10.3758/s13415-016-0487-3
30061189,Reward Learning over Weeks Versus Minutes Increases the Neural Representation of Value in the Human Brain,"Wimmer GE, Li JK, Gorgolewski KJ, Poldrack RA.",J Neurosci. 2018 Aug 29;38(35):7649-7666. doi: 10.1523/JNEUROSCI.0075-18.2018. Epub 2018 Jul 30.,Wimmer GE,J Neurosci,2018,01/08/2018,PMC6113901,,10.1523/JNEUROSCI.0075-18.2018
31230144,Modeling subjective belief states in computational psychiatry: interoceptive inference as a candidate framework,"Gu X, FitzGerald THB, Friston KJ.",Psychopharmacology (Berl). 2019 Aug;236(8):2405-2412. doi: 10.1007/s00213-019-05300-5. Epub 2019 Jun 22.,Gu X,Psychopharmacology (Berl),2019,24/06/2019,PMC6697568,NIHMS1532684,10.1007/s00213-019-05300-5
26705858,"Annual Research Review: Transdiagnostic neuroscience of child and adolescent mental disorders--differentiating decision making in attention-deficit/hyperactivity disorder, conduct disorder, depression, and anxiety","Sonuga-Barke EJ, Cortese S, Fairchild G, Stringaris A.",J Child Psychol Psychiatry. 2016 Mar;57(3):321-49. doi: 10.1111/jcpp.12496. Epub 2015 Dec 26.,Sonuga-Barke EJ,J Child Psychol Psychiatry,2016,27/12/2015,PMC4762324,,10.1111/jcpp.12496
27601269,Moral Learning: Conceptual foundations and normative relevance,Railton P.,Cognition. 2017 Oct;167:172-190. doi: 10.1016/j.cognition.2016.08.015. Epub 2016 Sep 3.,Railton P,Cognition,2017,08/09/2016,,,10.1016/j.cognition.2016.08.015
28678984,Association of Neural and Emotional Impacts of Reward Prediction Errors With Major Depression,"Rutledge RB, Moutoussis M, Smittenaar P, Zeidman P, Taylor T, Hrynkiewicz L, Lam J, Skandali N, Siegel JZ, Ousdal OT, Prabhu G, Dayan P, Fonagy P, Dolan RJ.",JAMA Psychiatry. 2017 Aug 1;74(8):790-797. doi: 10.1001/jamapsychiatry.2017.1713.,Rutledge RB,JAMA Psychiatry,2017,06/07/2017,PMC5710549,,10.1001/jamapsychiatry.2017.1713
30952156,Withdrawal from escalated cocaine self-administration impairs reversal learning by disrupting the effects of negative feedback on reward exploitation: a behavioral and computational analysis,"Zhukovsky P, Puaud M, Jupp B, Sala-Bayo J, Alsiö J, Xia J, Searle L, Morris Z, Sabir A, Giuliano C, Everitt BJ, Belin D, Robbins TW, Dalley JW.",Neuropsychopharmacology. 2019 Dec;44(13):2163-2173. doi: 10.1038/s41386-019-0381-0. Epub 2019 Apr 6.,Zhukovsky P,Neuropsychopharmacology,2019,06/04/2019,PMC6895115,,10.1038/s41386-019-0381-0
29777827,Is the encoding of Reward Prediction Error reliable during development?,"Keren H, Chen G, Benson B, Ernst M, Leibenluft E, Fox NA, Pine DS, Stringaris A.",Neuroimage. 2018 Sep;178:266-276. doi: 10.1016/j.neuroimage.2018.05.039. Epub 2018 May 16.,Keren H,Neuroimage,2018,20/05/2018,PMC7518449,NIHMS1069041,10.1016/j.neuroimage.2018.05.039
28348511,Constraints and Adaptation of Closed-Loop Neuroprosthetics for Functional Restoration,"Bauer R, Gharabaghi A.",Front Neurosci. 2017 Mar 13;11:111. doi: 10.3389/fnins.2017.00111. eCollection 2017.,Bauer R,Front Neurosci,2017,29/03/2017,PMC5346545,,10.3389/fnins.2017.00111
27797550,The cognitive architecture of anxiety-like behavioral inhibition,Bach DR.,J Exp Psychol Hum Percept Perform. 2017 Jan;43(1):18-29. doi: 10.1037/xhp0000282. Epub 2016 Oct 31.,Bach DR,J Exp Psychol Hum Percept Perform,2017,01/11/2016,PMC5178866,,10.1037/xhp0000282
29520059,Mice with reduced DAT levels recreate seasonal-induced switching between states in bipolar disorder,"Young JW, Cope ZA, Romoli B, Schrurs E, Aniek Joosen, van Enkhuizen J, Sharp RF, Dulcis D.",Neuropsychopharmacology. 2018 Jul;43(8):1721-1731. doi: 10.1038/s41386-018-0031-y. Epub 2018 Feb 27.,Young JW,Neuropsychopharmacology,2018,10/03/2018,PMC6006292,,10.1038/s41386-018-0031-y
32608484,"Using reinforcement learning models in social neuroscience: frameworks, pitfalls and suggestions of best practices","Zhang L, Lengersdorff L, Mikus N, Gläscher J, Lamm C.",Soc Cogn Affect Neurosci. 2020 Jul 30;15(6):695-707. doi: 10.1093/scan/nsaa089.,Zhang L,Soc Cogn Affect Neurosci,2020,02/07/2020,PMC7393303,,10.1093/scan/nsaa089
19378810,[Reinforcement learning by striatum],"Kunisato Y, Okada G, Okamoto Y.",Brain Nerve. 2009 Apr;61(4):405-11.,Kunisato Y,Brain Nerve,2009,22/04/2009,,,
28065182,Increased fronto-striatal reward prediction errors moderate decision making in obsessive-compulsive disorder,"Hauser TU, Iannaccone R, Dolan RJ, Ball J, Hättenschwiler J, Drechsler R, Rufer M, Brandeis D, Walitza S, Brem S.",Psychol Med. 2017 May;47(7):1246-1258. doi: 10.1017/S0033291716003305. Epub 2017 Jan 9.,Hauser TU,Psychol Med,2017,10/01/2017,,,10.1017/S0033291716003305
28973957,Stress attenuates the flexible updating of aversive value,"Raio CM, Hartley CA, Orederu TA, Li J, Phelps EA.",Proc Natl Acad Sci U S A. 2017 Oct 17;114(42):11241-11246. doi: 10.1073/pnas.1702565114. Epub 2017 Oct 2.,Raio CM,Proc Natl Acad Sci U S A,2017,05/10/2017,PMC5651737,,10.1073/pnas.1702565114
24391615,Psychopathy-related traits and the use of reward and social information: a computational approach,"Brazil IA, Hunt LT, Bulten BH, Kessels RP, de Bruijn ER, Mars RB.",Front Psychol. 2013 Dec 19;4:952. doi: 10.3389/fpsyg.2013.00952. eCollection 2013.,Brazil IA,Front Psychol,2013,07/01/2014,PMC3868018,,10.3389/fpsyg.2013.00952
28966147,Understanding psychiatric disorder by capturing ecologically relevant features of learning and decision-making,"Scholl J, Klein-Flügge M.",Behav Brain Res. 2018 Dec 14;355:56-75. doi: 10.1016/j.bbr.2017.09.050. Epub 2017 Sep 28.,Scholl J,Behav Brain Res,2018,03/10/2017,PMC6152580,,10.1016/j.bbr.2017.09.050
23317844,Medial prefrontal cortex and the adaptive regulation of reinforcement learning parameters,"Khamassi M, Enel P, Dominey PF, Procyk E.",Prog Brain Res. 2013;202:441-64. doi: 10.1016/B978-0-444-62604-2.00022-8.,Khamassi M,Prog Brain Res,2013,16/01/2013,,,10.1016/B978-0-444-62604-2.00022-8
24475185,Transcranial direct current stimulation of right dorsolateral prefrontal cortex does not affect model-based or model-free reinforcement learning in humans,"Smittenaar P, Prichard G, FitzGerald TH, Diedrichsen J, Dolan RJ.",PLoS One. 2014 Jan 24;9(1):e86850. doi: 10.1371/journal.pone.0086850. eCollection 2014.,Smittenaar P,PLoS One,2014,30/01/2014,PMC3901733,,10.1371/journal.pone.0086850
19033240,"Decision theory, reinforcement learning, and the brain","Dayan P, Daw ND.",Cogn Affect Behav Neurosci. 2008 Dec;8(4):429-53. doi: 10.3758/CABN.8.4.429.,Dayan P,Cogn Affect Behav Neurosci,2008,27/11/2008,,,10.3758/CABN.8.4.429
21472026,Dopamine-mediated learning and switching in cortico-striatal circuit explain behavioral changes in reinforcement learning,"Hong S, Hikosaka O.",Front Behav Neurosci. 2011 Mar 21;5:15. doi: 10.3389/fnbeh.2011.00015. eCollection 2011.,Hong S,Front Behav Neurosci,2011,08/04/2011,PMC3065164,,10.3389/fnbeh.2011.00015
29170069,A common neural network differentially mediates direct and social fear learning,"Lindström B, Haaker J, Olsson A.",Neuroimage. 2018 Feb 15;167:121-129. doi: 10.1016/j.neuroimage.2017.11.039. Epub 2017 Nov 21.,Lindström B,Neuroimage,2018,25/11/2017,,,10.1016/j.neuroimage.2017.11.039
31155138,The Effects of the Angiotensin II Receptor Antagonist Losartan on Appetitive Versus Aversive Learning: A Randomized Controlled Trial,"Pulcu E, Shkreli L, Holst CG, Woud ML, Craske MG, Browning M, Reinecke A.",Biol Psychiatry. 2019 Sep 1;86(5):397-404. doi: 10.1016/j.biopsych.2019.04.010. Epub 2019 Apr 17.,Pulcu E,Biol Psychiatry,2019,04/06/2019,,,10.1016/j.biopsych.2019.04.010
20044893,A neurocomputational model of dopamine and prefrontal-striatal interactions during multicue category learning by Parkinson patients,"Moustafa AA, Gluck MA.",J Cogn Neurosci. 2011 Jan;23(1):151-67. doi: 10.1162/jocn.2010.21420.,Moustafa AA,J Cogn Neurosci,2011,05/01/2010,,,10.1162/jocn.2010.21420
28343626,The rat-a-gorical imperative: Moral intuition and the limits of affective learning,Greene JD.,Cognition. 2017 Oct;167:66-77. doi: 10.1016/j.cognition.2017.03.004. Epub 2017 Mar 23.,Greene JD,Cognition,2017,28/03/2017,,,10.1016/j.cognition.2017.03.004
25183956,"Absence of ""Warm-Up"" during Active Avoidance Learning in a Rat Model of Anxiety Vulnerability: Insights from Computational Modeling","Myers CE, Smith IM, Servatius RJ, Beck KD.",Front Behav Neurosci. 2014 Aug 18;8:283. doi: 10.3389/fnbeh.2014.00283. eCollection 2014.,Myers CE,Front Behav Neurosci,2014,04/09/2014,PMC4135546,,10.3389/fnbeh.2014.00283
32875531,Robust valence-induced biases on motor response and confidence in human reinforcement learning,"Ting CC, Palminteri S, Engelmann JB, Lebreton M.",Cogn Affect Behav Neurosci. 2020 Dec;20(6):1184-1199. doi: 10.3758/s13415-020-00826-0.,Ting CC,Cogn Affect Behav Neurosci,2020,03/09/2020,,,10.3758/s13415-020-00826-0
24550063,Adolescent-specific patterns of behavior and neural activity during social reinforcement learning,"Jones RM, Somerville LH, Li J, Ruberry EJ, Powers A, Mehta N, Dyke J, Casey BJ.",Cogn Affect Behav Neurosci. 2014 Jun;14(2):683-97. doi: 10.3758/s13415-014-0257-z.,Jones RM,Cogn Affect Behav Neurosci,2014,20/02/2014,PMC4127887,NIHMS568268,10.3758/s13415-014-0257-z
31878251,Cooperative Traffic Signal Control with Traffic Flow Prediction in Multi-Intersection,"Kim D, Jeong O.",Sensors (Basel). 2019 Dec 24;20(1):137. doi: 10.3390/s20010137.,Kim D,Sensors (Basel),2019,28/12/2019,PMC6982755,,10.3390/s20010137
30687019,A Dual Role Hypothesis of the Cortico-Basal-Ganglia Pathways: Opponency and Temporal Difference Through Dopamine and Adenosine,"Morita K, Kawaguchi Y.",Front Neural Circuits. 2019 Jan 7;12:111. doi: 10.3389/fncir.2018.00111. eCollection 2018.,Morita K,Front Neural Circuits,2019,29/01/2019,PMC6338031,,10.3389/fncir.2018.00111
22721601,Effects of depression on reward-based decision making and variability of action in probabilistic learning,"Kunisato Y, Okamoto Y, Ueda K, Onoda K, Okada G, Yoshimura S, Suzuki S, Samejima K, Yamawaki S.",J Behav Ther Exp Psychiatry. 2012 Dec;43(4):1088-94. doi: 10.1016/j.jbtep.2012.05.007. Epub 2012 May 31.,Kunisato Y,J Behav Ther Exp Psychiatry,2012,23/06/2012,,,10.1016/j.jbtep.2012.05.007
30693047,Control of Blood Glucose for Type-1 Diabetes by Using Reinforcement Learning with Feedforward Algorithm,"Ngo PD, Wei S, Holubová A, Muzik J, Godtliebsen F.",Comput Math Methods Med. 2018 Dec 30;2018:4091497. doi: 10.1155/2018/4091497. eCollection 2018.,Ngo PD,Comput Math Methods Med,2018,30/01/2019,PMC6332998,,10.1155/2018/4091497
27044008,Reduction of Pavlovian Bias in Schizophrenia: Enhanced Effects in Clozapine-Administered Patients,"Albrecht MA, Waltz JA, Cavanagh JF, Frank MJ, Gold JM.",PLoS One. 2016 Apr 4;11(4):e0152781. doi: 10.1371/journal.pone.0152781. eCollection 2016.,Albrecht MA,PLoS One,2016,05/04/2016,PMC4833478,,10.1371/journal.pone.0152781
32043207,Individual differences of conflict monitoring and feedback processing during reinforcement learning in a mock forensic context,"Leue A, Nieden K, Scheuble V, Beauducel A.",Cogn Affect Behav Neurosci. 2020 Apr;20(2):408-426. doi: 10.3758/s13415-020-00776-7.,Leue A,Cogn Affect Behav Neurosci,2020,12/02/2020,PMC7105439,,10.3758/s13415-020-00776-7
31991192,Animal affect and decision-making,"Mendl M, Paul ES.",Neurosci Biobehav Rev. 2020 May;112:144-163. doi: 10.1016/j.neubiorev.2020.01.025. Epub 2020 Jan 25.,Mendl M,Neurosci Biobehav Rev,2020,29/01/2020,,,10.1016/j.neubiorev.2020.01.025
18368048,Modulators of decision making,Doya K.,Nat Neurosci. 2008 Apr;11(4):410-6. doi: 10.1038/nn2077.,Doya K,Nat Neurosci,2008,28/03/2008,,,10.1038/nn2077
25319564,Corticostriatothalamic reward prediction error signals and executive control in late-life depression,"Dombrovski AY, Szanto K, Clark L, Aizenstein HJ, Chase HW, Reynolds CF 3rd, Siegle GJ.",Psychol Med. 2015 May;45(7):1413-24. doi: 10.1017/S0033291714002517. Epub 2014 Oct 16.,Dombrovski AY,Psychol Med,2015,17/10/2014,PMC4380546,NIHMS667524,10.1017/S0033291714002517
29218570,Pure correlates of exploration and exploitation in the human brain,"Blanchard TC, Gershman SJ.",Cogn Affect Behav Neurosci. 2018 Feb;18(1):117-126. doi: 10.3758/s13415-017-0556-2.,Blanchard TC,Cogn Affect Behav Neurosci,2018,09/12/2017,PMC5825268,NIHMS926163,10.3758/s13415-017-0556-2
28018206,The Role of Multiple Neuromodulators in Reinforcement Learning That Is Based on Competition between Eligibility Traces,"Huertas MA, Schwettmann SE, Shouval HZ.",Front Synaptic Neurosci. 2016 Dec 15;8:37. doi: 10.3389/fnsyn.2016.00037. eCollection 2016.,Huertas MA,Front Synaptic Neurosci,2016,27/12/2016,PMC5156839,,10.3389/fnsyn.2016.00037
27163379,Rats bred for helplessness exhibit positive reinforcement learning deficits which are not alleviated by an antidepressant dose of the MAO-B inhibitor deprenyl,"Schulz D, Henn FA, Petri D, Huston JP.",Neuroscience. 2016 Aug 4;329:83-92. doi: 10.1016/j.neuroscience.2016.04.049. Epub 2016 May 6.,Schulz D,Neuroscience,2016,11/05/2016,,,10.1016/j.neuroscience.2016.04.049
21482548,Expected value and prediction error abnormalities in depression and schizophrenia,"Gradin VB, Kumar P, Waiter G, Ahearn T, Stickle C, Milders M, Reid I, Hall J, Steele JD.",Brain. 2011 Jun;134(Pt 6):1751-64. doi: 10.1093/brain/awr059. Epub 2011 Apr 10.,Gradin VB,Brain,2011,13/04/2011,,,10.1093/brain/awr059
29173508,"What's in a word? How instructions, suggestions, and social information change pain and emotion","Koban L, Jepma M, Geuter S, Wager TD.",Neurosci Biobehav Rev. 2017 Oct;81(Pt A):29-42. doi: 10.1016/j.neubiorev.2017.02.014.,Koban L,Neurosci Biobehav Rev,2017,28/11/2017,PMC5706563,NIHMS858028,10.1016/j.neubiorev.2017.02.014
19400722,Serotonin in affective control,"Dayan P, Huys QJ.",Annu Rev Neurosci. 2009;32:95-126. doi: 10.1146/annurev.neuro.051508.135607.,Dayan P,Annu Rev Neurosci,2009,30/04/2009,,,10.1146/annurev.neuro.051508.135607
19285311,A Bayesian formulation of behavioral control,"Huys QJM, Dayan P.",Cognition. 2009 Dec;113(3):314-328. doi: 10.1016/j.cognition.2009.01.008. Epub 2009 Mar 12.,Huys QJM,Cognition,2009,17/03/2009,,,10.1016/j.cognition.2009.01.008
27888020,Neural correlates of affective empathy and reinforcement learning in boys with conduct problems: fMRI evidence from a gambling task,"Schwenck C, Ciaramidaro A, Selivanova M, Tournay J, Freitag CM, Siniatchkin M.",Behav Brain Res. 2017 Mar 1;320:75-84. doi: 10.1016/j.bbr.2016.11.037. Epub 2016 Nov 22.,Schwenck C,Behav Brain Res,2017,27/11/2016,,,10.1016/j.bbr.2016.11.037
24458270,Racial bias shapes social reinforcement learning,"Lindström B, Selbing I, Molapour T, Olsson A.",Psychol Sci. 2014 Mar;25(3):711-9. doi: 10.1177/0956797613514093. Epub 2014 Jan 23.,Lindström B,Psychol Sci,2014,25/01/2014,,,10.1177/0956797613514093
26578929,What is in the feedback? Effect of induced happiness vs. sadness on probabilistic learning with vs. without exploration,"Bakic J, De Raedt R, Jepma M, Pourtois G.",Front Hum Neurosci. 2015 Oct 29;9:584. doi: 10.3389/fnhum.2015.00584. eCollection 2015.,Bakic J,Front Hum Neurosci,2015,19/11/2015,PMC4624841,,10.3389/fnhum.2015.00584
23782813,Mapping anhedonia onto reinforcement learning: a behavioural meta-analysis,"Huys QJ, Pizzagalli DA, Bogdan R, Dayan P.",Biol Mood Anxiety Disord. 2013 Jun 19;3(1):12. doi: 10.1186/2045-5380-3-12.,Huys QJ,Biol Mood Anxiety Disord,2013,21/06/2013,PMC3701611,,10.1186/2045-5380-3-12
26359751,Punishment and psychopathy: a case-control functional MRI investigation of reinforcement learning in violent antisocial personality disordered men,"Gregory S, Blair RJ, Ffytche D, Simmons A, Kumari V, Hodgins S, Blackwood N.",Lancet Psychiatry. 2015 Feb;2(2):153-60. doi: 10.1016/S2215-0366(14)00071-6. Epub 2015 Jan 28.,Gregory S,Lancet Psychiatry,2015,12/09/2015,,,10.1016/S2215-0366(14)00071-6
25917000,Learning the opportunity cost of time in a patch-foraging task,"Constantino SM, Daw ND.",Cogn Affect Behav Neurosci. 2015 Dec;15(4):837-53. doi: 10.3758/s13415-015-0350-y.,Constantino SM,Cogn Affect Behav Neurosci,2015,29/04/2015,PMC4624618,NIHMS685178,10.3758/s13415-015-0350-y
28824511,Stuttering Thoughts: Negative Self-Referent Thinking Is Less Sensitive to Aversive Outcomes in People with Higher Levels of Depressive Symptoms,"Iijima Y, Takano K, Boddez Y, Raes F, Tanno Y.",Front Psychol. 2017 Aug 2;8:1333. doi: 10.3389/fpsyg.2017.01333. eCollection 2017.,Iijima Y,Front Psychol,2017,22/08/2017,PMC5539182,,10.3389/fpsyg.2017.01333
22868883,[Roles of altered striatal function in major depression],"Furuyashiki T, Deguchi Y.",Brain Nerve. 2012 Aug;64(8):919-26.,Furuyashiki T,Brain Nerve,2012,08/08/2012,,,
31665146,Regulation of adenylyl cyclase 5 in striatal neurons confers the ability to detect coincident neuromodulatory signals,"Bruce NJ, Narzi D, Trpevski D, van Keulen SC, Nair AG, Röthlisberger U, Wade RC, Carloni P, Hellgren Kotaleski J.",PLoS Comput Biol. 2019 Oct 30;15(10):e1007382. doi: 10.1371/journal.pcbi.1007382. eCollection 2019 Oct.,Bruce NJ,PLoS Comput Biol,2019,31/10/2019,PMC6821081,,10.1371/journal.pcbi.1007382
15251872,Limbic corticostriatal systems and delayed reinforcement,"Cardinal RN, Winstanley CA, Robbins TW, Everitt BJ.",Ann N Y Acad Sci. 2004 Jun;1021:33-50. doi: 10.1196/annals.1308.004.,Cardinal RN,Ann N Y Acad Sci,2004,15/07/2004,,,10.1196/annals.1308.004
28856091,Disrupted avoidance learning in functional neurological disorder: Implications for harm avoidance theories,"Morris LS, To B, Baek K, Chang-Webb YC, Mitchell S, Strelchuk D, Mikheenko Y, Phillips W, Zandi M, Jenaway A, Walsh C, Voon V.",Neuroimage Clin. 2017 Aug 8;16:286-294. doi: 10.1016/j.nicl.2017.08.007. eCollection 2017.,Morris LS,Neuroimage Clin,2017,01/09/2017,PMC5562176,,10.1016/j.nicl.2017.08.007
25695644,Neural basis of decision making guided by emotional outcomes,"Katahira K, Matsuda YT, Fujimura T, Ueno K, Asamizuya T, Suzuki C, Cheng K, Okanoya K, Okada M.",J Neurophysiol. 2015 May 1;113(9):3056-68. doi: 10.1152/jn.00564.2014. Epub 2015 Feb 18.,Katahira K,J Neurophysiol,2015,20/02/2015,PMC4455562,,10.1152/jn.00564.2014
30739047,Difficulty in updating positive beliefs about negative cognition is associated with increased depressed mood,"Takano K, Van Grieken J, Raes F.",J Behav Ther Exp Psychiatry. 2019 Sep;64:22-30. doi: 10.1016/j.jbtep.2019.02.001. Epub 2019 Feb 2.,Takano K,J Behav Ther Exp Psychiatry,2019,11/02/2019,,,10.1016/j.jbtep.2019.02.001
30343131,Differential Roles of the Salience Network During Prediction Error Encoding and Facial Emotion Processing Among Female Adolescent Assault Victims,"Cisler JM, Esbensen K, Sellnow K, Ross M, Weaver S, Sartin-Tarm A, Herringa RJ, Kilts CD.",Biol Psychiatry Cogn Neurosci Neuroimaging. 2019 Apr;4(4):371-380. doi: 10.1016/j.bpsc.2018.08.014. Epub 2018 Sep 11.,Cisler JM,Biol Psychiatry Cogn Neurosci Neuroimaging,2019,22/10/2018,PMC6638574,NIHMS1506741,10.1016/j.bpsc.2018.08.014
33219629,Does insufficient sleep affect how you learn from reward or punishment? Reinforcement learning after 2 nights of sleep restriction,"Gerhardsson A, Porada DK, Lundström JN, Axelsson J, Schwarz J.",J Sleep Res. 2020 Nov 20:e13236. doi: 10.1111/jsr.13236. Online ahead of print.,Gerhardsson A,J Sleep Res,2020,21/11/2020,,,10.1111/jsr.13236
32599123,"50 Years Since the Marr, Ito, and Albus Models of the Cerebellum","Kawato M, Ohmae S, Hoang H, Sanger T.",Neuroscience. 2020 Jun 27:S0306-4522(20)30396-1. doi: 10.1016/j.neuroscience.2020.06.019. Online ahead of print.,Kawato M,Neuroscience,2020,30/06/2020,,,10.1016/j.neuroscience.2020.06.019
32819981,mHealth app using machine learning to increase physical activity in diabetes and depression: clinical trial protocol for the DIAMANTE Study,"Aguilera A, Figueroa CA, Hernandez-Ramos R, Sarkar U, Cemballi A, Gomez-Pathak L, Miramontes J, Yom-Tov E, Chakraborty B, Yan X, Xu J, Modiri A, Aggarwal J, Jay Williams J, Lyles CR.",BMJ Open. 2020 Aug 20;10(8):e034723. doi: 10.1136/bmjopen-2019-034723.,Aguilera A,BMJ Open,2020,22/08/2020,PMC7443305,,10.1136/bmjopen-2019-034723
28506437,Association Between Interleukin-6 and Striatal Prediction-Error Signals Following Acute Stress in Healthy Female Participants,"Treadway MT, Admon R, Arulpragasam AR, Mehta M, Douglas S, Vitaliano G, Olson DP, Cooper JA, Pizzagalli DA.",Biol Psychiatry. 2017 Oct 15;82(8):570-577. doi: 10.1016/j.biopsych.2017.02.1183. Epub 2017 Mar 28.,Treadway MT,Biol Psychiatry,2017,17/05/2017,PMC5610086,NIHMS876553,10.1016/j.biopsych.2017.02.1183
31820808,Aberrant reward prediction error during Pavlovian appetitive learning in alexithymia,"Starita F, Pietrelli M, Bertini C, di Pellegrino G.",Soc Cogn Affect Neurosci. 2019 Oct 1;14(10):1119-1129. doi: 10.1093/scan/nsz089.,Starita F,Soc Cogn Affect Neurosci,2019,11/12/2019,PMC6970149,,10.1093/scan/nsz089
33001663,Reward and punishment reversal-learning in major depressive disorder,"Mukherjee D, Filipowicz ALS, Vo K, Satterthwaite TD, Kable JW.",J Abnorm Psychol. 2020 Nov;129(8):810-823. doi: 10.1037/abn0000641. Epub 2020 Oct 1.,Mukherjee D,J Abnorm Psychol,2020,01/10/2020,,,10.1037/abn0000641
27893230,Ecological momentary assessment of negative symptoms in schizophrenia: Relationships to effort-based decision making and reinforcement learning,"Moran EK, Culbreth AJ, Barch DM.",J Abnorm Psychol. 2017 Jan;126(1):96-105. doi: 10.1037/abn0000240. Epub 2016 Nov 28.,Moran EK,J Abnorm Psychol,2017,29/11/2016,PMC5433621,NIHMS857620,10.1037/abn0000240
28695763,Prediction and tolerance intervals for dynamic treatment regimes,"Lizotte DJ, Tahmasebi A.",Stat Methods Med Res. 2017 Aug;26(4):1611-1629. doi: 10.1177/0962280217708662. Epub 2017 Jul 11.,Lizotte DJ,Stat Methods Med Res,2017,12/07/2017,,,10.1177/0962280217708662
32219179,Comparison of conventional and rapid-acting antidepressants in a rodent probabilistic reversal learning task,"Wilkinson MP, Grogan JP, Mellor JR, Robinson ESJ.",Brain Neurosci Adv. 2020 Feb 23;4:2398212820907177. doi: 10.1177/2398212820907177. eCollection 2020 Jan-Dec.,Wilkinson MP,Brain Neurosci Adv,2020,29/03/2020,PMC7085917,,10.1177/2398212820907177
28163140,Decoded fMRI neurofeedback can induce bidirectional confidence changes within single participants,"Cortese A, Amano K, Koizumi A, Lau H, Kawato M.",Neuroimage. 2017 Apr 1;149:323-337. doi: 10.1016/j.neuroimage.2017.01.069. Epub 2017 Feb 3.,Cortese A,Neuroimage,2017,07/02/2017,PMC5755700,NIHMS857342,10.1016/j.neuroimage.2017.01.069
26133661,Failure of hippocampal deactivation during loss events in treatment-resistant depression,"Johnston BA, Tolomeo S, Gradin V, Christmas D, Matthews K, Steele JD.",Brain. 2015 Sep;138(Pt 9):2766-76. doi: 10.1093/brain/awv177. Epub 2015 Jun 30.,Johnston BA,Brain,2015,03/07/2015,,,10.1093/brain/awv177
24231399,Self-regulation of the anterior insula: Reinforcement learning using real-time fMRI neurofeedback,"Lawrence EJ, Su L, Barker GJ, Medford N, Dalton J, Williams SC, Birbaumer N, Veit R, Ranganatha S, Bodurka J, Brammer M, Giampietro V, David AS.",Neuroimage. 2014 Mar;88:113-24. doi: 10.1016/j.neuroimage.2013.10.069. Epub 2013 Nov 11.,Lawrence EJ,Neuroimage,2014,16/11/2013,,,10.1016/j.neuroimage.2013.10.069
18589502,Neurocomputational mechanisms of reinforcement-guided learning in humans: a review,Cohen MX.,Cogn Affect Behav Neurosci. 2008 Jun;8(2):113-25. doi: 10.3758/cabn.8.2.113.,Cohen MX,Cogn Affect Behav Neurosci,2008,01/07/2008,,,10.3758/cabn.8.2.113
32343637,Anxiety Impedes Adaptive Social Learning Under Uncertainty,"Lamba A, Frank MJ, FeldmanHall O.",Psychol Sci. 2020 May;31(5):592-603. doi: 10.1177/0956797620910993. Epub 2020 Apr 28.,Lamba A,Psychol Sci,2020,29/04/2020,,,10.1177/0956797620910993
21289169,Dopamine-mediated reinforcement learning signals in the striatum and ventromedial prefrontal cortex underlie value-based choices,"Jocham G, Klein TA, Ullsperger M.",J Neurosci. 2011 Feb 2;31(5):1606-13. doi: 10.1523/JNEUROSCI.3904-10.2011.,Jocham G,J Neurosci,2011,04/02/2011,PMC6623749,,10.1523/JNEUROSCI.3904-10.2011
20736991,"Serotonin and dopamine: unifying affective, activational, and decision functions","Cools R, Nakamura K, Daw ND.",Neuropsychopharmacology. 2011 Jan;36(1):98-113. doi: 10.1038/npp.2010.121. Epub 2010 Aug 25.,Cools R,Neuropsychopharmacology,2011,26/08/2010,PMC3055512,,10.1038/npp.2010.121
32099062,Multiple Facets of Value-Based Decision Making in Major Depressive Disorder,"Mukherjee D, Lee S, Kazinka R, D Satterthwaite T, Kable JW.",Sci Rep. 2020 Feb 25;10(1):3415. doi: 10.1038/s41598-020-60230-z.,Mukherjee D,Sci Rep,2020,27/02/2020,PMC7042239,,10.1038/s41598-020-60230-z
33040092,Attention-deficit/hyperactivity disorder and the explore/exploit trade-off,"Addicott MA, Pearson JM, Schechter JC, Sapyta JJ, Weiss MD, Kollins SH.",Neuropsychopharmacology. 2020 Oct 11. doi: 10.1038/s41386-020-00881-8. Online ahead of print.,Addicott MA,Neuropsychopharmacology,2020,11/10/2020,,,10.1038/s41386-020-00881-8
28250187,Strategies for sustainable management of renewable resources during environmental change,"Lindkvist E, Ekeberg Ö, Norberg J.",Proc Biol Sci. 2017 Mar 15;284(1850):20162762. doi: 10.1098/rspb.2016.2762.,Lindkvist E,Proc Biol Sci,2017,03/03/2017,PMC5360927,,10.1098/rspb.2016.2762
24795615,Saccade learning with concurrent cortical and subcortical basal ganglia loops,"N'guyen S, Thurat C, Girard B.",Front Comput Neurosci. 2014 Apr 23;8:48. doi: 10.3389/fncom.2014.00048. eCollection 2014.,N'guyen S,Front Comput Neurosci,2014,06/05/2014,PMC4005946,,10.3389/fncom.2014.00048
27004148,The personality trait of behavioral inhibition modulates perceptions of moral character and performance during the trust game: behavioral results and computational modeling,"Radell ML, Sanchez R, Weinflash N, Myers CE.",PeerJ. 2016 Feb 8;4:e1631. doi: 10.7717/peerj.1631. eCollection 2016.,Radell ML,PeerJ,2016,23/03/2016,PMC4800786,,10.7717/peerj.1631
25639540,Testing the role of reward and punishment sensitivity in avoidance behavior: a computational modeling approach,"Sheynin J, Moustafa AA, Beck KD, Servatius RJ, Myers CE.",Behav Brain Res. 2015 Apr 15;283:121-38. doi: 10.1016/j.bbr.2015.01.033. Epub 2015 Jan 29.,Sheynin J,Behav Brain Res,2015,03/02/2015,PMC4351139,NIHMS662360,10.1016/j.bbr.2015.01.033
23943512,Computational heterogeneity in the human mesencephalic dopamine system,"D'Ardenne K, Lohrenz T, Bartley KA, Montague PR.",Cogn Affect Behav Neurosci. 2013 Dec;13(4):747-56. doi: 10.3758/s13415-013-0191-5.,D'Ardenne K,Cogn Affect Behav Neurosci,2013,15/08/2013,PMC3889258,,10.3758/s13415-013-0191-5
21179584,A reinforcement learning model of precommitment in decision making,"Kurth-Nelson Z, Redish AD.",Front Behav Neurosci. 2010 Dec 14;4:184. doi: 10.3389/fnbeh.2010.00184. eCollection 2010.,Kurth-Nelson Z,Front Behav Neurosci,2010,24/12/2010,PMC3004435,,10.3389/fnbeh.2010.00184
21427778,The cerebellum: a neural system for the study of reinforcement learning,"Swain RA, Kerr AL, Thompson RF.",Front Behav Neurosci. 2011 Mar 3;5:8. doi: 10.3389/fnbeh.2011.00008. eCollection 2011.,Swain RA,Front Behav Neurosci,2011,24/03/2011,PMC3049318,,10.3389/fnbeh.2011.00008
26068725,Neural Correlates of Three Promising Endophenotypes of Depression: Evidence from the EMBARC Study,"Webb CA, Dillon DG, Pechtel P, Goer FK, Murray L, Huys QJ, Fava M, McGrath PJ, Weissman M, Parsey R, Kurian BT, Adams P, Weyandt S, Trombello JM, Grannemann B, Cooper CM, Deldin P, Tenke C, Trivedi M, Bruder G, Pizzagalli DA.",Neuropsychopharmacology. 2016 Jan;41(2):454-63. doi: 10.1038/npp.2015.165. Epub 2015 Jun 12.,Webb CA,Neuropsychopharmacology,2016,13/06/2015,PMC5130121,,10.1038/npp.2015.165
24598515,Differential cortical activation of the striatal direct and indirect pathway cells: reconciling the anatomical and optogenetic results by using a computational method,Morita K.,J Neurophysiol. 2014 Jul 1;112(1):120-46. doi: 10.1152/jn.00625.2013. Epub 2014 Mar 5.,Morita K,J Neurophysiol,2014,07/03/2014,,,10.1152/jn.00625.2013
17710118,Individual differences and the neural representations of reward expectation and reward prediction error,Cohen MX.,Soc Cogn Affect Neurosci. 2007 Mar;2(1):20-30. doi: 10.1093/scan/nsl021.,Cohen MX,Soc Cogn Affect Neurosci,2007,22/08/2007,PMC1945222,NIHMS15920,10.1093/scan/nsl021
21629444,The neuropharmacology of implicit learning,"Uddén J, Folia V, Petersson KM.",Curr Neuropharmacol. 2010 Dec;8(4):367-81. doi: 10.2174/157015910793358178.,Uddén J,Curr Neuropharmacol,2010,02/06/2011,PMC3080593,,10.2174/157015910793358178
24474914,Negative learning bias is associated with risk aversion in a genetic animal model of depression,"Shabel SJ, Murphy RT, Malinow R.",Front Hum Neurosci. 2014 Jan 16;8:1. doi: 10.3389/fnhum.2014.00001. eCollection 2014.,Shabel SJ,Front Hum Neurosci,2014,30/01/2014,PMC3893716,,10.3389/fnhum.2014.00001
33200989,Momentary subjective well-being depends on learning and not reward,"Blain B, Rutledge RB.",Elife. 2020 Nov 17;9:e57977. doi: 10.7554/eLife.57977. Online ahead of print.,Blain B,Elife,2020,17/11/2020,,,10.7554/eLife.57977
28913644,Affective-associative two-process theory: a neurocomputational account of partial reinforcement extinction effects,"Lowe R, Almér A, Billing E, Sandamirskaya Y, Balkenius C.",Biol Cybern. 2017 Dec;111(5-6):365-388. doi: 10.1007/s00422-017-0730-1. Epub 2017 Sep 14.,Lowe R,Biol Cybern,2017,16/09/2017,PMC5688222,,10.1007/s00422-017-0730-1
32385498,Blunted medial prefrontal cortico-limbic reward-related effective connectivity and depression,"Rupprechter S, Romaniuk L, Series P, Hirose Y, Hawkins E, Sandu AL, Waiter GD, McNeil CJ, Shen X, Harris MA, Campbell A, Porteous D, Macfarlane JA, Lawrie SM, Murray AD, Delgado MR, McIntosh AM, Whalley HC, Steele JD.",Brain. 2020 Jun 1;143(6):1946-1956. doi: 10.1093/brain/awaa106.,Rupprechter S,Brain,2020,10/05/2020,PMC7296844,,10.1093/brain/awaa106
27781362,Spared internal but impaired external reward prediction error signals in major depressive disorder during reinforcement learning,"Bakic J, Pourtois G, Jepma M, Duprat R, De Raedt R, Baeken C.",Depress Anxiety. 2017 Jan;34(1):89-96. doi: 10.1002/da.22576. Epub 2016 Oct 26.,Bakic J,Depress Anxiety,2017,27/10/2016,,,10.1002/da.22576
24062681,A model-based prediction of the calcium responses in the striatal synaptic spines depending on the timing of cortical and dopaminergic inputs and post-synaptic spikes,"Nakano T, Yoshimoto J, Doya K.",Front Comput Neurosci. 2013 Sep 13;7:119. doi: 10.3389/fncom.2013.00119. eCollection 2013.,Nakano T,Front Comput Neurosci,2013,25/09/2013,PMC3772324,,10.3389/fncom.2013.00119
30082718,Development of MPFC function mediates shifts in self-protective behavior provoked by social feedback,"Yoon L, Somerville LH, Kim H.",Nat Commun. 2018 Aug 6;9(1):3086. doi: 10.1038/s41467-018-05553-2.,Yoon L,Nat Commun,2018,08/08/2018,PMC6079030,,10.1038/s41467-018-05553-2
33100979,Non-action Learning: Saving Action-Associated Cost Serves as a Covert Reward,"Tanimoto S, Kondo M, Morita K, Yoshida E, Matsuzaki M.",Front Behav Neurosci. 2020 Sep 4;14:141. doi: 10.3389/fnbeh.2020.00141. eCollection 2020.,Tanimoto S,Front Behav Neurosci,2020,26/10/2020,PMC7498735,,10.3389/fnbeh.2020.00141
28976304,Affective bias as a rational response to the statistics of rewards and punishments,"Pulcu E, Browning M.",Elife. 2017 Oct 4;6:e27879. doi: 10.7554/eLife.27879.,Pulcu E,Elife,2017,05/10/2017,PMC5633345,,10.7554/eLife.27879
28421669,Misfortune may be a blessing in disguise: Fairness perception and emotion modulate decision making,"Liu HH, Hwang YD, Hsieh MH, Hsu YF, Lai WS.",Psychophysiology. 2017 Aug;54(8):1163-1179. doi: 10.1111/psyp.12870. Epub 2017 Apr 19.,Liu HH,Psychophysiology,2017,20/04/2017,,,10.1111/psyp.12870
18838035,The development of antisocial behavior: what can we learn from functional neuroimaging studies?,"Crowe SL, Blair RJ.",Dev Psychopathol. 2008 Fall;20(4):1145-59. doi: 10.1017/S0954579408000540.,Crowe SL,Dev Psychopathol,2008,08/10/2008,,,10.1017/S0954579408000540
24055832,The influence of depression symptoms on exploratory decision-making,"Blanco NJ, Otto AR, Maddox WT, Beevers CG, Love BC.",Cognition. 2013 Dec;129(3):563-8. doi: 10.1016/j.cognition.2013.08.018. Epub 2013 Sep 17.,Blanco NJ,Cognition,2013,24/09/2013,PMC3809321,NIHMS516063,10.1016/j.cognition.2013.08.018
32725180,Reward-Processing Behavior in Depressed Participants Relative to Healthy Volunteers: A Systematic Review and Meta-analysis,"Halahakoon DC, Kieslich K, O'Driscoll C, Nair A, Lewis G, Roiser JP.",JAMA Psychiatry. 2020 Jul 29:e202139. doi: 10.1001/jamapsychiatry.2020.2139. Online ahead of print.,Halahakoon DC,JAMA Psychiatry,2020,30/07/2020,PMC7391183,,10.1001/jamapsychiatry.2020.2139
22046115,"Grid cells, place cells, and geodesic generalization for spatial reinforcement learning","Gustafson NJ, Daw ND.",PLoS Comput Biol. 2011 Oct;7(10):e1002235. doi: 10.1371/journal.pcbi.1002235. Epub 2011 Oct 27.,Gustafson NJ,PLoS Comput Biol,2011,03/11/2011,PMC3203050,,10.1371/journal.pcbi.1002235
21397212,The molecular genetics of executive function: role of monoamine system genes,"Barnes JJ, Dean AJ, Nandam LS, O'Connell RG, Bellgrove MA.",Biol Psychiatry. 2011 Jun 15;69(12):e127-43. doi: 10.1016/j.biopsych.2010.12.040. Epub 2011 Mar 11.,Barnes JJ,Biol Psychiatry,2011,15/03/2011,,,10.1016/j.biopsych.2010.12.040
19684590,"Stress, genotype and norepinephrine in the prediction of mouse behavior using reinforcement learning","Luksys G, Gerstner W, Sandi C.",Nat Neurosci. 2009 Sep;12(9):1180-6. doi: 10.1038/nn.2374. Epub 2009 Aug 16.,Luksys G,Nat Neurosci,2009,18/08/2009,,,10.1038/nn.2374
32222613,Remembering happy times instead of sticking to negative memories after social exclusion,"Blanchard MA, Belmans E, Takano K, Raes F.",J Behav Ther Exp Psychiatry. 2020 Sep;68:101570. doi: 10.1016/j.jbtep.2020.101570. Epub 2020 Mar 19.,Blanchard MA,J Behav Ther Exp Psychiatry,2020,31/03/2020,,,10.1016/j.jbtep.2020.101570
17416928,"Cost, benefit, tonic, phasic: what do response rates tell us about dopamine and motivation?",Niv Y.,Ann N Y Acad Sci. 2007 May;1104:357-76. doi: 10.1196/annals.1390.018. Epub 2007 Apr 7.,Niv Y,Ann N Y Acad Sci,2007,10/04/2007,,,10.1196/annals.1390.018
25002854,Effects of emotion on prospection during decision-making,"Worthy DA, Byrne KA, Fields S.",Front Psychol. 2014 Jun 23;5:591. doi: 10.3389/fpsyg.2014.00591. eCollection 2014.,Worthy DA,Front Psychol,2014,09/07/2014,PMC4066203,,10.3389/fpsyg.2014.00591
19931627,Cognitive aspects of congenital learned helplessness and its reversal by the monoamine oxidase (MAO)-B inhibitor deprenyl,"Schulz D, Mirrione MM, Henn FA.",Neurobiol Learn Mem. 2010 Feb;93(2):291-301. doi: 10.1016/j.nlm.2009.11.003. Epub 2009 Nov 29.,Schulz D,Neurobiol Learn Mem,2010,26/11/2009,,,10.1016/j.nlm.2009.11.003
9300423,Reinforcement learning by Hebbian synapses with adaptive thresholds,Pennartz CM.,Neuroscience. 1997 Nov;81(2):303-19. doi: 10.1016/s0306-4522(97)00118-8.,Pennartz CM,Neuroscience,1997,23/09/1997,,,10.1016/s0306-4522(97)00118-8
22059086,Decision-making based on emotional images,"Katahira K, Fujimura T, Okanoya K, Okada M.",Front Psychol. 2011 Oct 28;2:311. doi: 10.3389/fpsyg.2011.00311. eCollection 2011.,Katahira K,Front Psychol,2011,08/11/2011,PMC3203555,,10.3389/fpsyg.2011.00311
32812148,The influence of internal models on feedback-related brain activity,"Wurm F, Ernst B, Steinhauser M.",Cogn Affect Behav Neurosci. 2020 Oct;20(5):1070-1089. doi: 10.3758/s13415-020-00820-6.,Wurm F,Cogn Affect Behav Neurosci,2020,20/08/2020,PMC7497542,,10.3758/s13415-020-00820-6
20231320,Reward/Punishment reversal learning in older suicide attempters,"Dombrovski AY, Clark L, Siegle GJ, Butters MA, Ichikawa N, Sahakian BJ, Szanto K.",Am J Psychiatry. 2010 Jun;167(6):699-707. doi: 10.1176/appi.ajp.2009.09030407. Epub 2010 Mar 15.,Dombrovski AY,Am J Psychiatry,2010,17/03/2010,PMC3020386,NIHMS262115,10.1176/appi.ajp.2009.09030407
20453038,Social stress reactivity alters reward and punishment learning,"Cavanagh JF, Frank MJ, Allen JJ.",Soc Cogn Affect Neurosci. 2011 Jun;6(3):311-20. doi: 10.1093/scan/nsq041. Epub 2010 May 7.,Cavanagh JF,Soc Cogn Affect Neurosci,2011,11/05/2010,PMC3110431,,10.1093/scan/nsq041
26354923,An Obesity-Predisposing Variant of the FTO Gene Regulates D2R-Dependent Reward Learning,"Sevgi M, Rigoux L, Kühn AB, Mauer J, Schilbach L, Hess ME, Gruendler TO, Ullsperger M, Stephan KE, Brüning JC, Tittgemeyer M.",J Neurosci. 2015 Sep 9;35(36):12584-92. doi: 10.1523/JNEUROSCI.1589-15.2015.,Sevgi M,J Neurosci,2015,11/09/2015,PMC6605390,,10.1523/JNEUROSCI.1589-15.2015
24845527,State-based versus reward-based motivation in younger and older adults,"Worthy DA, Cooper JA, Byrne KA, Gorlick MA, Maddox WT.",Cogn Affect Behav Neurosci. 2014 Dec;14(4):1208-20. doi: 10.3758/s13415-014-0293-8.,Worthy DA,Cogn Affect Behav Neurosci,2014,22/05/2014,PMC4221294,NIHMS585733,10.3758/s13415-014-0293-8
27249418,DYT1 dystonia increases risk taking in humans,"Arkadir D, Radulescu A, Raymond D, Lubarr N, Bressman SB, Mazzoni P, Niv Y.",Elife. 2016 Jun 1;5:e14155. doi: 10.7554/eLife.14155.,Arkadir D,Elife,2016,02/06/2016,PMC4951192,,10.7554/eLife.14155
24481852,Reduced susceptibility to confirmation bias in schizophrenia,"Doll BB, Waltz JA, Cockburn J, Brown JK, Frank MJ, Gold JM.",Cogn Affect Behav Neurosci. 2014 Jun;14(2):715-28. doi: 10.3758/s13415-014-0250-6.,Doll BB,Cogn Affect Behav Neurosci,2014,01/02/2014,PMC4074440,NIHMS562168,10.3758/s13415-014-0250-6
24695722,Operant conditioning of synaptic and spiking activity patterns in single hippocampal neurons,"Ishikawa D, Matsumoto N, Sakaguchi T, Matsuki N, Ikegaya Y.",J Neurosci. 2014 Apr 2;34(14):5044-53. doi: 10.1523/JNEUROSCI.5298-13.2014.,Ishikawa D,J Neurosci,2014,04/04/2014,PMC6802715,,10.1523/JNEUROSCI.5298-13.2014
19015101,Learning affective values for faces is expressed in amygdala and fusiform gyrus,"Petrovic P, Kalisch R, Pessiglione M, Singer T, Dolan RJ.",Soc Cogn Affect Neurosci. 2008 Jun;3(2):109-18. doi: 10.1093/scan/nsn002. Epub 2008 Feb 8.,Petrovic P,Soc Cogn Affect Neurosci,2008,19/11/2008,PMC2555467,,10.1093/scan/nsn002
7831476,Postsynaptic integration of glutamatergic and dopaminergic signals in the striatum,Kötter R.,Prog Neurobiol. 1994 Oct;44(2):163-96. doi: 10.1016/0301-0082(94)90037-x.,Kötter R,Prog Neurobiol,1994,01/10/1994,,,10.1016/0301-0082(94)90037-x
23643244,Hemispheric dissociation of reward processing in humans: insights from deep brain stimulation,"Palminteri S, Serra G, Buot A, Schmidt L, Welter ML, Pessiglione M.",Cortex. 2013 Nov-Dec;49(10):2834-44. doi: 10.1016/j.cortex.2013.02.014. Epub 2013 Mar 29.,Palminteri S,Cortex,2013,07/05/2013,,,10.1016/j.cortex.2013.02.014
24795670,Internally- and externally-driven network transitions as a basis for automatic and strategic processes in semantic priming: theory and experimental validation,"Lerner I, Shriki O.",Front Psychol. 2014 Apr 16;5:314. doi: 10.3389/fpsyg.2014.00314. eCollection 2014.,Lerner I,Front Psychol,2014,06/05/2014,PMC3997026,,10.3389/fpsyg.2014.00314
32477084,Importance of the Habenula for Avoidance Learning Including Contextual Cues in the Human Brain: A Preliminary fMRI Study,"Yoshino A, Okamoto Y, Sumiya Y, Okada G, Takamura M, Ichikawa N, Nakano T, Shibasaki C, Aizawa H, Yamawaki Y, Kawakami K, Yokoyama S, Yoshimoto J, Yamawaki S.",Front Hum Neurosci. 2020 May 12;14:165. doi: 10.3389/fnhum.2020.00165. eCollection 2020.,Yoshino A,Front Hum Neurosci,2020,02/06/2020,PMC7235292,,10.3389/fnhum.2020.00165
10391468,A neural network model with dopamine-like reinforcement signal that learns a spatial delayed response task,"Suri RE, Schultz W.",Neuroscience. 1999;91(3):871-90. doi: 10.1016/s0306-4522(98)00697-6.,Suri RE,Neuroscience,1999,03/07/1999,,,10.1016/s0306-4522(98)00697-6
21637741,Speed/accuracy trade-off between the habitual and the goal-directed processes,"Keramati M, Dezfouli A, Piray P.",PLoS Comput Biol. 2011 May;7(5):e1002055. doi: 10.1371/journal.pcbi.1002055. Epub 2011 May 26.,Keramati M,PLoS Comput Biol,2011,04/06/2011,PMC3102758,,10.1371/journal.pcbi.1002055
21727098,Dopamine-dependent reinforcement of motor skill learning: evidence from Gilles de la Tourette syndrome,"Palminteri S, Lebreton M, Worbe Y, Hartmann A, Lehéricy S, Vidailhet M, Grabli D, Pessiglione M.",Brain. 2011 Aug;134(Pt 8):2287-301. doi: 10.1093/brain/awr147. Epub 2011 Jul 3.,Palminteri S,Brain,2011,06/07/2011,,,10.1093/brain/awr147
24744746,The role of intrinsic motivations in attention allocation and shifting,"Di Nocera D, Finzi A, Rossi S, Staffa M.",Front Psychol. 2014 Apr 1;5:273. doi: 10.3389/fpsyg.2014.00273. eCollection 2014.,Di Nocera D,Front Psychol,2014,19/04/2014,PMC3978295,,10.3389/fpsyg.2014.00273
26516682,Retroactive modulation of spike timing-dependent plasticity by dopamine,"Brzosko Z, Schultz W, Paulsen O.",Elife. 2015 Oct 30;4:e09685. doi: 10.7554/eLife.09685.,Brzosko Z,Elife,2015,31/10/2015,PMC4626806,,10.7554/eLife.09685
20619815,How the opinion of others affects our valuation of objects,"Campbell-Meiklejohn DK, Bach DR, Roepstorff A, Dolan RJ, Frith CD.",Curr Biol. 2010 Jul 13;20(13):1165-70. doi: 10.1016/j.cub.2010.04.055. Epub 2010 Jun 17.,Campbell-Meiklejohn DK,Curr Biol,2010,13/07/2010,PMC2908235,,10.1016/j.cub.2010.04.055
22084638,Larger Error Signals in Major Depression are Associated with Better Avoidance Learning,"Cavanagh JF, Bismark AJ, Frank MJ, Allen JJ.",Front Psychol. 2011 Nov 9;2:331. doi: 10.3389/fpsyg.2011.00331. eCollection 2011.,Cavanagh JF,Front Psychol,2011,16/11/2011,PMC3210982,,10.3389/fpsyg.2011.00331
23049494,Neuroeconomic measures of social decision-making across the lifespan,"Zhu L, Walsh D, Hsu M.",Front Neurosci. 2012 Sep 21;6:128. doi: 10.3389/fnins.2012.00128. eCollection 2012.,Zhu L,Front Neurosci,2012,11/10/2012,PMC3448294,,10.3389/fnins.2012.00128
33007023,Reward foraging task and model-based analysis reveal how fruit flies learn value of available options,"Seidenbecher SE, Sanders JI, von Philipsborn AC, Kvitsiani D.",PLoS One. 2020 Oct 2;15(10):e0239616. doi: 10.1371/journal.pone.0239616. eCollection 2020.,Seidenbecher SE,PLoS One,2020,02/10/2020,PMC7531776,,10.1371/journal.pone.0239616
33127993,Lithium modulates striatal reward anticipation and prediction error coding in healthy volunteers,"Volman I, Pringle A, Verhagen L, Browning M, Cowen PJ, Harmer CJ.",Neuropsychopharmacology. 2020 Oct 30. doi: 10.1038/s41386-020-00895-2. Online ahead of print.,Volman I,Neuropsychopharmacology,2020,31/10/2020,,,10.1038/s41386-020-00895-2
25291742,Clipping in neurocontrol by adaptive dynamic programming,"Fairbank M, Prokhorov D, Alonso E.",IEEE Trans Neural Netw Learn Syst. 2014 Oct;25(10):1909-20. doi: 10.1109/TNNLS.2014.2297991.,Fairbank M,IEEE Trans Neural Netw Learn Syst,2014,08/10/2014,,,10.1109/TNNLS.2014.2297991
24146314,"Feedback-related negativity codes outcome valence, but not outcome expectancy, during reversal learning","von Borries AK, Verkes RJ, Bulten BH, Cools R, de Bruijn ER.",Cogn Affect Behav Neurosci. 2013 Dec;13(4):737-46. doi: 10.3758/s13415-013-0150-1.,von Borries AK,Cogn Affect Behav Neurosci,2013,23/10/2013,,,10.3758/s13415-013-0150-1
31900874,Feedback timing modulates interactions between feedback processing and memory encoding: Evidence from event-related potentials,"Höltje G, Mecklinger A.",Cogn Affect Behav Neurosci. 2020 Apr;20(2):250-264. doi: 10.3758/s13415-019-00765-5.,Höltje G,Cogn Affect Behav Neurosci,2020,05/01/2020,,,10.3758/s13415-019-00765-5
17031711,Tonic dopamine: opportunity costs and the control of response vigor,"Niv Y, Daw ND, Joel D, Dayan P.",Psychopharmacology (Berl). 2007 Apr;191(3):507-20. doi: 10.1007/s00213-006-0502-4. Epub 2006 Oct 10.,Niv Y,Psychopharmacology (Berl),2007,13/10/2006,,,10.1007/s00213-006-0502-4
23516346,Signaling pathways involved in striatal synaptic plasticity are sensitive to temporal pattern and exhibit spatial specificity,"Kim B, Hawes SL, Gillani F, Wallace LJ, Blackwell KT.",PLoS Comput Biol. 2013;9(3):e1002953. doi: 10.1371/journal.pcbi.1002953. Epub 2013 Mar 14.,Kim B,PLoS Comput Biol,2013,22/03/2013,PMC3597530,,10.1371/journal.pcbi.1002953
25904783,"Injection of a dopamine type 2 receptor antagonist into the dorsal striatum disrupts choices driven by previous outcomes, but not perceptual inference","Lee E, Seo M, Dal Monte O, Averbeck BB.",J Neurosci. 2015 Apr 22;35(16):6298-306. doi: 10.1523/JNEUROSCI.4561-14.2015.,Lee E,J Neurosci,2015,24/04/2015,PMC4405551,,10.1523/JNEUROSCI.4561-14.2015
17707682,The amygdala and ventromedial prefrontal cortex in morality and psychopathy,Blair RJ.,Trends Cogn Sci. 2007 Sep;11(9):387-92. doi: 10.1016/j.tics.2007.07.003. Epub 2007 Aug 17.,Blair RJ,Trends Cogn Sci,2007,21/08/2007,,,10.1016/j.tics.2007.07.003
25155381,Inferring learners' knowledge from their actions,"Rafferty AN, LaMar MM, Griffiths TL.",Cogn Sci. 2015 Apr;39(3):584-618. doi: 10.1111/cogs.12157. Epub 2014 Aug 25.,Rafferty AN,Cogn Sci,2015,27/08/2014,,,10.1111/cogs.12157
32035425,Ventromedial prefrontal value signals and functional connectivity during decision-making in suicidal behavior and impulsivity,"Brown VM, Wilson J, Hallquist MN, Szanto K, Dombrovski AY.",Neuropsychopharmacology. 2020 May;45(6):1034-1041. doi: 10.1038/s41386-020-0632-0. Epub 2020 Feb 8.,Brown VM,Neuropsychopharmacology,2020,09/02/2020,PMC7162923,,10.1038/s41386-020-0632-0
21811448,Bi-directional effect of increasing doses of baclofen on reinforcement learning,"Terrier J, Ort A, Yvon C, Saj A, Vuilleumier P, Lüscher C.",Front Behav Neurosci. 2011 Jul 22;5:40. doi: 10.3389/fnbeh.2011.00040. eCollection 2011.,Terrier J,Front Behav Neurosci,2011,04/08/2011,PMC3143686,,10.3389/fnbeh.2011.00040
21416212,Learning from delayed feedback: neural responses in temporal credit assignment,"Walsh MM, Anderson JR.",Cogn Affect Behav Neurosci. 2011 Jun;11(2):131-43. doi: 10.3758/s13415-011-0027-0.,Walsh MM,Cogn Affect Behav Neurosci,2011,19/03/2011,PMC3208325,NIHMS329925,10.3758/s13415-011-0027-0
27754316,A Novel Dynamic Spectrum Access Framework Based on Reinforcement Learning for Cognitive Radio Sensor Networks,"Lin Y, Wang C, Wang J, Dou Z.",Sensors (Basel). 2016 Oct 12;16(10):1675. doi: 10.3390/s16101675.,Lin Y,Sensors (Basel),2016,19/10/2016,PMC5087463,,10.3390/s16101675
22347155,Dopaminergic Control of the Exploration-Exploitation Trade-Off via the Basal Ganglia,"Humphries MD, Khamassi M, Gurney K.",Front Neurosci. 2012 Feb 6;6:9. doi: 10.3389/fnins.2012.00009. eCollection 2012.,Humphries MD,Front Neurosci,2012,21/02/2012,PMC3272648,,10.3389/fnins.2012.00009
32276411,Mesocorticolimbic Interactions Mediate fMRI-Guided Regulation of Self-Generated Affective States,Caria A.,Brain Sci. 2020 Apr 8;10(4):223. doi: 10.3390/brainsci10040223.,Caria A,Brain Sci,2020,12/04/2020,PMC7226604,,10.3390/brainsci10040223
22752976,Better late than never? The effect of feedback delay on ERP indices of reward processing,"Weinberg A, Luhmann CC, Bress JN, Hajcak G.",Cogn Affect Behav Neurosci. 2012 Dec;12(4):671-7. doi: 10.3758/s13415-012-0104-z.,Weinberg A,Cogn Affect Behav Neurosci,2012,04/07/2012,PMC3631424,NIHMS390568,10.3758/s13415-012-0104-z
14643762,Cerebellar learning of bio-mechanical functions of extra-ocular muscles: modeling by artificial neural networks,"Ebadzadeh M, Darlot C.",Neuroscience. 2003;122(4):941-66. doi: 10.1016/s0306-4522(03)00569-4.,Ebadzadeh M,Neuroscience,2003,04/12/2003,,,10.1016/s0306-4522(03)00569-4
24600422,Keep focussing: striatal dopamine multiple functions resolved in a single mechanism tested in a simulated humanoid robot,"Fiore VG, Sperati V, Mannella F, Mirolli M, Gurney K, Friston K, Dolan RJ, Baldassarre G.",Front Psychol. 2014 Feb 21;5:124. doi: 10.3389/fpsyg.2014.00124. eCollection 2014.,Fiore VG,Front Psychol,2014,07/03/2014,PMC3930917,,10.3389/fpsyg.2014.00124
16280591,Dopamine modulation of state-dependent endocannabinoid release and long-term depression in the striatum,"Kreitzer AC, Malenka RC.",J Neurosci. 2005 Nov 9;25(45):10537-45. doi: 10.1523/JNEUROSCI.2959-05.2005.,Kreitzer AC,J Neurosci,2005,11/11/2005,PMC6725809,,10.1523/JNEUROSCI.2959-05.2005
22545616,Working-memory load and temporal myopia in dynamic decision making,"Worthy DA, Otto AR, Maddox WT.",J Exp Psychol Learn Mem Cogn. 2012 Nov;38(6):1640-58. doi: 10.1037/a0028146. Epub 2012 Apr 30.,Worthy DA,J Exp Psychol Learn Mem Cogn,2012,02/05/2012,PMC3419784,NIHMS375770,10.1037/a0028146
23060738,Aversive pavlovian responses affect human instrumental motor performance,"Rigoli F, Pavone EF, Pezzulo G.",Front Neurosci. 2012 Oct 8;6:134. doi: 10.3389/fnins.2012.00134. eCollection 2012.,Rigoli F,Front Neurosci,2012,13/10/2012,PMC3465813,,10.3389/fnins.2012.00134
18189003,"Cross-task individual differences in error processing: neural, electrophysiological, and genetic components","Frank MJ, D'Lauro C, Curran T.",Cogn Affect Behav Neurosci. 2007 Dec;7(4):297-308. doi: 10.3758/cabn.7.4.297.,Frank MJ,Cogn Affect Behav Neurosci,2007,15/01/2008,,,10.3758/cabn.7.4.297
24592183,A Sarsa(?)-based control model for real-time traffic light coordination,"Zhou X, Zhu F, Liu Q, Fu Y, Huang W.",ScientificWorldJournal. 2014 Jan 23;2014:759097. doi: 10.1155/2014/759097. eCollection 2014.,Zhou X,ScientificWorldJournal,2014,05/03/2014,PMC3922017,,10.1155/2014/759097
32365120,Opposing patterns of abnormal D1 and D2 receptor dependent cortico-striatal plasticity explain increased risk taking in patients with DYT1 dystonia,"Gilbertson T, Arkadir D, Steele JD.",PLoS One. 2020 May 4;15(5):e0226790. doi: 10.1371/journal.pone.0226790. eCollection 2020.,Gilbertson T,PLoS One,2020,05/05/2020,PMC7197855,,10.1371/journal.pone.0226790
16180619,Behavioral and neural predictors of upcoming decisions,"Cohen MX, Ranganath C.",Cogn Affect Behav Neurosci. 2005 Jun;5(2):117-26. doi: 10.3758/cabn.5.2.117.,Cohen MX,Cogn Affect Behav Neurosci,2005,27/09/2005,,,10.3758/cabn.5.2.117
20740077,Effects of dopamine medication on sequence learning with stochastic feedback in Parkinson's disease,"Seo M, Beigi M, Jahanshahi M, Averbeck BB.",Front Syst Neurosci. 2010 Aug 12;4:36. doi: 10.3389/fnsys.2010.00036. eCollection 2010.,Seo M,Front Syst Neurosci,2010,27/08/2010,PMC2927276,,10.3389/fnsys.2010.00036
15202685,The contribution of small animal positron emission tomography to the neurosciences--a critical evaluation,"Nikolaus S, Beu M, Wirrwar A, Vosberg H, Müller HW, Larisch R.",Rev Neurosci. 2004;15(2):131-56. doi: 10.1515/revneuro.2004.15.2.131.,Nikolaus S,Rev Neurosci,2004,19/06/2004,,,10.1515/revneuro.2004.15.2.131
24554577,Learning dynamics explains human behaviour in prisoner's dilemma on networks,"Cimini G, Sánchez A.",J R Soc Interface. 2014 Feb 19;11(94):20131186. doi: 10.1098/rsif.2013.1186. Print 2014 May 6.,Cimini G,J R Soc Interface,2014,21/02/2014,PMC3973362,,10.1098/rsif.2013.1186
12662540,Self-tuning Optimal Regulation of Respiratory Motor Output by Hebbian Covariance Learning,Poon CS.,Neural Netw. 1996 Nov;9(8):1367-1383. doi: 10.1016/s0893-6080(96)00022-6.,Poon CS,Neural Netw,1996,01/11/1996,,,10.1016/s0893-6080(96)00022-6
23083059,"Setting realistic recovery targets for two interacting endangered species, sea otter and northern abalone","Chadès I, Curtis JM, Martin TG.",Conserv Biol. 2012 Dec;26(6):1016-25. doi: 10.1111/j.1523-1739.2012.01951.x. Epub 2012 Oct 19.,Chadès I,Conserv Biol,2012,23/10/2012,,,10.1111/j.1523-1739.2012.01951.x
16764506,Optimal spike-timing-dependent plasticity for precise action potential firing in supervised learning,"Pfister JP, Toyoizumi T, Barber D, Gerstner W.",Neural Comput. 2006 Jun;18(6):1318-48. doi: 10.1162/neco.2006.18.6.1318.,Pfister JP,Neural Comput,2006,13/06/2006,,,10.1162/neco.2006.18.6.1318
24110957,"A new method of concurrently visualizing states, values, and actions in reinforcement based brain machine interfaces","Bae J, Sanchez Giraldo LG, Pohlmeyer EA, Sanchez JC, Principe JC.",Annu Int Conf IEEE Eng Med Biol Soc. 2013;2013:5402-5. doi: 10.1109/EMBC.2013.6610770.,Bae J,Annu Int Conf IEEE Eng Med Biol Soc,2013,11/10/2013,,,10.1109/EMBC.2013.6610770
10696621,The effect of shared responsibility and competition in perceptual games: a test of a cognitive game-theoretic extension of signal-detection theory,"Gopher D, Itkin-Webman T, Erev I, Meyer J, Armony L.",J Exp Psychol Hum Percept Perform. 2000 Feb;26(1):325-41. doi: 10.1037//0096-1523.26.1.325.,Gopher D,J Exp Psychol Hum Percept Perform,2000,04/03/2000,,,10.1037//0096-1523.26.1.325
18571568,The effect of workers' visibility on effectiveness of intervention programs: supervisory-based safety interventions,"Luria G, Zohar D, Erev I.",J Safety Res. 2008;39(3):273-80. doi: 10.1016/j.jsr.2007.12.003. Epub 2008 Apr 10.,Luria G,J Safety Res,2008,24/06/2008,,,10.1016/j.jsr.2007.12.003
17204013,Using the XCS classifier system for multi-objective reinforcement learning problems,"Studley M, Bull L.",Artif Life. 2007 Winter;13(1):69-86. doi: 10.1162/artl.2007.13.1.69.,Studley M,Artif Life,2007,06/01/2007,,,10.1162/artl.2007.13.1.69
